<?xml version="1.0" encoding="UTF-8"?>
<!DOCTYPE MudletPackage>
<MudletPackage version="1.0">
    <TriggerPackage>
        <TriggerGroup isActive="yes" isFolder="yes" isTempTrigger="no" isMultiline="no" isPerlSlashGOption="no" isColorizerTrigger="no" isFilterTrigger="no" isSoundTrigger="no" isColorTrigger="no" isColorTriggerFg="no" isColorTriggerBg="no">
            <name>MUME</name>
            <script></script>
            <triggerType>0</triggerType>
            <conditonLineDelta>0</conditonLineDelta>
            <mStayOpen>0</mStayOpen>
            <mCommand></mCommand>
            <packageName>current</packageName>
            <mFgColor>#ff0000</mFgColor>
            <mBgColor>#ffff00</mBgColor>
            <mSoundFile></mSoundFile>
            <colorTriggerFgColor>#000000</colorTriggerFgColor>
            <colorTriggerBgColor>#000000</colorTriggerBgColor>
            <regexCodeList/>
            <regexCodePropertyList/>
            <TriggerGroup isActive="yes" isFolder="yes" isTempTrigger="no" isMultiline="no" isPerlSlashGOption="no" isColorizerTrigger="no" isFilterTrigger="no" isSoundTrigger="no" isColorTrigger="no" isColorTriggerFg="no" isColorTriggerBg="no">
                <name>Spell Translator</name>
                <script></script>
                <triggerType>0</triggerType>
                <conditonLineDelta>0</conditonLineDelta>
                <mStayOpen>0</mStayOpen>
                <mCommand></mCommand>
                <packageName></packageName>
                <mFgColor>#ff0000</mFgColor>
                <mBgColor>#ffff00</mBgColor>
                <mSoundFile></mSoundFile>
                <colorTriggerFgColor>#000000</colorTriggerFgColor>
                <colorTriggerBgColor>#000000</colorTriggerBgColor>
                <regexCodeList/>
                <regexCodePropertyList/>
                <Trigger isActive="yes" isFolder="no" isTempTrigger="no" isMultiline="no" isPerlSlashGOption="no" isColorizerTrigger="no" isFilterTrigger="no" isSoundTrigger="no" isColorTrigger="no" isColorTriggerFg="no" isColorTriggerBg="no">
                    <name>pare =&gt; hold</name>
                    <script>local spell = matches[1]
local translation = &quot;hold&quot;

selectString(spell, 1)
replace(spell .. &quot; (&quot; .. translation .. &quot;)&quot; )</script>
                    <triggerType>0</triggerType>
                    <conditonLineDelta>0</conditonLineDelta>
                    <mStayOpen>0</mStayOpen>
                    <mCommand></mCommand>
                    <packageName></packageName>
                    <mFgColor>#ff0000</mFgColor>
                    <mBgColor>#ffff00</mBgColor>
                    <mSoundFile></mSoundFile>
                    <colorTriggerFgColor>#000000</colorTriggerFgColor>
                    <colorTriggerBgColor>#000000</colorTriggerBgColor>
                    <regexCodeList>
                        <string>'pare'</string>
                    </regexCodeList>
                    <regexCodePropertyList>
                        <integer>0</integer>
                    </regexCodePropertyList>
                </Trigger>
                <Trigger isActive="yes" isFolder="no" isTempTrigger="no" isMultiline="no" isPerlSlashGOption="no" isColorizerTrigger="no" isFilterTrigger="no" isSoundTrigger="no" isColorTrigger="no" isColorTriggerFg="no" isColorTriggerBg="no">
                    <name>oculoinfra uizuguburuhl =&gt; detect invisibility</name>
                    <script>local spell = matches[1]
local translation = &quot;detect invisibility&quot;

selectString(spell, 1)
replace(spell .. &quot; (&quot; .. translation .. &quot;)&quot; )</script>
                    <triggerType>0</triggerType>
                    <conditonLineDelta>0</conditonLineDelta>
                    <mStayOpen>0</mStayOpen>
                    <mCommand></mCommand>
                    <packageName></packageName>
                    <mFgColor>#ff0000</mFgColor>
                    <mBgColor>#ffff00</mBgColor>
                    <mSoundFile></mSoundFile>
                    <colorTriggerFgColor>#000000</colorTriggerFgColor>
                    <colorTriggerBgColor>#000000</colorTriggerBgColor>
                    <regexCodeList>
                        <string>'oculoinfra uizuguburuhl'</string>
                    </regexCodeList>
                    <regexCodePropertyList>
                        <integer>0</integer>
                    </regexCodePropertyList>
                </Trigger>
                <Trigger isActive="yes" isFolder="no" isTempTrigger="no" isMultiline="no" isPerlSlashGOption="no" isColorizerTrigger="no" isFilterTrigger="no" isSoundTrigger="no" isColorTrigger="no" isColorTriggerFg="no" isColorTriggerBg="no">
                    <name>yzabra =&gt; fear</name>
                    <script>local spell = matches[1]
local translation = &quot;fear&quot;

selectString(spell, 1)
replace(spell .. &quot; (&quot; .. translation .. &quot;)&quot; )</script>
                    <triggerType>0</triggerType>
                    <conditonLineDelta>0</conditonLineDelta>
                    <mStayOpen>0</mStayOpen>
                    <mCommand></mCommand>
                    <packageName></packageName>
                    <mFgColor>#ff0000</mFgColor>
                    <mBgColor>#ffff00</mBgColor>
                    <mSoundFile></mSoundFile>
                    <colorTriggerFgColor>#000000</colorTriggerFgColor>
                    <colorTriggerBgColor>#000000</colorTriggerBgColor>
                    <regexCodeList>
                        <string>'yzabra'</string>
                    </regexCodeList>
                    <regexCodePropertyList>
                        <integer>0</integer>
                    </regexCodePropertyList>
                </Trigger>
                <Trigger isActive="yes" isFolder="no" isTempTrigger="no" isMultiline="no" isPerlSlashGOption="no" isColorizerTrigger="no" isFilterTrigger="no" isSoundTrigger="no" isColorTrigger="no" isColorTriggerFg="no" isColorTriggerBg="no">
                    <name>braqt bfzahp =&gt; black breath</name>
                    <script>local spell = matches[1]
local translation = &quot;black breath&quot;

selectString(spell, 1)
replace(spell .. &quot; (&quot; .. translation .. &quot;)&quot; )</script>
                    <triggerType>0</triggerType>
                    <conditonLineDelta>0</conditonLineDelta>
                    <mStayOpen>0</mStayOpen>
                    <mCommand></mCommand>
                    <packageName></packageName>
                    <mFgColor>#ff0000</mFgColor>
                    <mBgColor>#ffff00</mBgColor>
                    <mSoundFile></mSoundFile>
                    <colorTriggerFgColor>#000000</colorTriggerFgColor>
                    <colorTriggerBgColor>#000000</colorTriggerBgColor>
                    <regexCodeList>
                        <string>'braqt bfzahp'</string>
                    </regexCodeList>
                    <regexCodePropertyList>
                        <integer>0</integer>
                    </regexCodePropertyList>
                </Trigger>
                <Trigger isActive="yes" isFolder="no" isTempTrigger="no" isMultiline="no" isPerlSlashGOption="no" isColorizerTrigger="no" isFilterTrigger="no" isSoundTrigger="no" isColorTrigger="no" isColorTriggerFg="no" isColorTriggerBg="no">
                    <name>gaiqhjabral =&gt; sanctuary</name>
                    <script>local spell = matches[1]
local translation = &quot;sanctuary&quot;

selectString(spell, 1)
replace(spell .. &quot; (&quot; .. translation .. &quot;)&quot; )</script>
                    <triggerType>0</triggerType>
                    <conditonLineDelta>0</conditonLineDelta>
                    <mStayOpen>0</mStayOpen>
                    <mCommand></mCommand>
                    <packageName></packageName>
                    <mFgColor>#ff0000</mFgColor>
                    <mBgColor>#ffff00</mBgColor>
                    <mSoundFile></mSoundFile>
                    <colorTriggerFgColor>#000000</colorTriggerFgColor>
                    <colorTriggerBgColor>#000000</colorTriggerBgColor>
                    <regexCodeList>
                        <string>'gaiqhjabral'</string>
                    </regexCodeList>
                    <regexCodePropertyList>
                        <integer>0</integer>
                    </regexCodePropertyList>
                </Trigger>
                <Trigger isActive="yes" isFolder="no" isTempTrigger="no" isMultiline="no" isPerlSlashGOption="no" isColorizerTrigger="no" isFilterTrigger="no" isSoundTrigger="no" isColorTrigger="no" isColorTriggerFg="no" isColorTriggerBg="no">
                    <name>gpuzre =&gt; shield</name>
                    <script>local spell = matches[1]
local translation = &quot;shield&quot;

selectString(spell, 1)
replace(spell .. &quot; (&quot; .. translation .. &quot;)&quot; )</script>
                    <triggerType>0</triggerType>
                    <conditonLineDelta>0</conditonLineDelta>
                    <mStayOpen>0</mStayOpen>
                    <mCommand></mCommand>
                    <packageName></packageName>
                    <mFgColor>#ff0000</mFgColor>
                    <mBgColor>#ffff00</mBgColor>
                    <mSoundFile></mSoundFile>
                    <colorTriggerFgColor>#000000</colorTriggerFgColor>
                    <colorTriggerBgColor>#000000</colorTriggerBgColor>
                    <regexCodeList>
                        <string>'gpuzre'</string>
                    </regexCodeList>
                    <regexCodePropertyList>
                        <integer>0</integer>
                    </regexCodePropertyList>
                </Trigger>
                <Trigger isActive="yes" isFolder="no" isTempTrigger="no" isMultiline="no" isPerlSlashGOption="no" isColorizerTrigger="no" isFilterTrigger="no" isSoundTrigger="no" isColorTrigger="no" isColorTriggerFg="no" isColorTriggerBg="no">
                    <name>qpabraw =&gt; charm</name>
                    <script>local spell = matches[1]
local translation = &quot;charm&quot;

selectString(spell, 1)
replace(spell .. &quot; (&quot; .. translation .. &quot;)&quot; )</script>
                    <triggerType>0</triggerType>
                    <conditonLineDelta>0</conditonLineDelta>
                    <mStayOpen>0</mStayOpen>
                    <mCommand></mCommand>
                    <packageName></packageName>
                    <mFgColor>#ff0000</mFgColor>
                    <mBgColor>#ffff00</mBgColor>
                    <mSoundFile></mSoundFile>
                    <colorTriggerFgColor>#000000</colorTriggerFgColor>
                    <colorTriggerBgColor>#000000</colorTriggerBgColor>
                    <regexCodeList>
                        <string>'qpabraw'</string>
                    </regexCodeList>
                    <regexCodePropertyList>
                        <integer>0</integer>
                    </regexCodePropertyList>
                </Trigger>
                <Trigger isActive="yes" isFolder="no" isTempTrigger="no" isMultiline="no" isPerlSlashGOption="no" isColorizerTrigger="no" isFilterTrigger="no" isSoundTrigger="no" isColorTrigger="no" isColorTriggerFg="no" isColorTriggerBg="no">
                    <name>bfzat eaaf =&gt; break door</name>
                    <script>local spell = matches[1]
local translation = &quot;break door&quot;

selectString(spell, 1)
replace(spell .. &quot; (&quot; .. translation .. &quot;)&quot; )</script>
                    <triggerType>0</triggerType>
                    <conditonLineDelta>0</conditonLineDelta>
                    <mStayOpen>0</mStayOpen>
                    <mCommand></mCommand>
                    <packageName></packageName>
                    <mFgColor>#ff0000</mFgColor>
                    <mBgColor>#ffff00</mBgColor>
                    <mSoundFile></mSoundFile>
                    <colorTriggerFgColor>#000000</colorTriggerFgColor>
                    <colorTriggerBgColor>#000000</colorTriggerBgColor>
                    <regexCodeList>
                        <string>'bfzat eaaf'</string>
                    </regexCodeList>
                    <regexCodePropertyList>
                        <integer>0</integer>
                    </regexCodePropertyList>
                </Trigger>
                <Trigger isActive="yes" isFolder="no" isTempTrigger="no" isMultiline="no" isPerlSlashGOption="no" isColorizerTrigger="no" isFilterTrigger="no" isSoundTrigger="no" isColorTrigger="no" isColorTriggerFg="no" isColorTriggerBg="no">
                    <name>gruugz oculoae =&gt; raise dead</name>
                    <script>local spell = matches[1]
local translation = &quot;raise dead&quot;

selectString(spell, 1)
replace(spell .. &quot; (&quot; .. translation .. &quot;)&quot; )</script>
                    <triggerType>0</triggerType>
                    <conditonLineDelta>0</conditonLineDelta>
                    <mStayOpen>0</mStayOpen>
                    <mCommand></mCommand>
                    <packageName></packageName>
                    <mFgColor>#ff0000</mFgColor>
                    <mBgColor>#ffff00</mBgColor>
                    <mSoundFile></mSoundFile>
                    <colorTriggerFgColor>#000000</colorTriggerFgColor>
                    <colorTriggerBgColor>#000000</colorTriggerBgColor>
                    <regexCodeList>
                        <string>'gruugz oculoae'</string>
                    </regexCodeList>
                    <regexCodePropertyList>
                        <integer>0</integer>
                    </regexCodePropertyList>
                </Trigger>
                <Trigger isActive="yes" isFolder="no" isTempTrigger="no" isMultiline="no" isPerlSlashGOption="no" isColorizerTrigger="no" isFilterTrigger="no" isSoundTrigger="no" isColorTrigger="no" isColorTriggerFg="no" isColorTriggerBg="no">
                    <name>eugszr zzur =&gt; dispel evil</name>
                    <script>local spell = matches[1]
local translation = &quot;dispel evil&quot;

selectString(spell, 1)
replace(spell .. &quot; (&quot; .. translation .. &quot;)&quot; )</script>
                    <triggerType>0</triggerType>
                    <conditonLineDelta>0</conditonLineDelta>
                    <mStayOpen>0</mStayOpen>
                    <mCommand></mCommand>
                    <packageName></packageName>
                    <mFgColor>#ff0000</mFgColor>
                    <mBgColor>#ffff00</mBgColor>
                    <mSoundFile></mSoundFile>
                    <colorTriggerFgColor>#000000</colorTriggerFgColor>
                    <colorTriggerBgColor>#000000</colorTriggerBgColor>
                    <regexCodeList>
                        <string>'eugszr zzur'</string>
                    </regexCodeList>
                    <regexCodePropertyList>
                        <integer>0</integer>
                    </regexCodePropertyList>
                </Trigger>
                <Trigger isActive="yes" isFolder="no" isTempTrigger="no" isMultiline="no" isPerlSlashGOption="no" isColorizerTrigger="no" isFilterTrigger="no" isSoundTrigger="no" isColorTrigger="no" isColorTriggerFg="no" isColorTriggerBg="no">
                    <name>abrawajf =&gt; armour</name>
                    <script>local spell = matches[1]
local translation = &quot;armour&quot;

selectString(spell, 1)
replace(spell .. &quot; (&quot; .. translation .. &quot;)&quot; )</script>
                    <triggerType>0</triggerType>
                    <conditonLineDelta>0</conditonLineDelta>
                    <mStayOpen>0</mStayOpen>
                    <mCommand></mCommand>
                    <packageName></packageName>
                    <mFgColor>#ff0000</mFgColor>
                    <mBgColor>#ffff00</mBgColor>
                    <mSoundFile></mSoundFile>
                    <colorTriggerFgColor>#000000</colorTriggerFgColor>
                    <colorTriggerBgColor>#000000</colorTriggerBgColor>
                    <regexCodeList>
                        <string>'abrawajf'</string>
                    </regexCodeList>
                    <regexCodePropertyList>
                        <integer>0</integer>
                    </regexCodePropertyList>
                </Trigger>
                <Trigger isActive="yes" isFolder="no" isTempTrigger="no" isMultiline="no" isPerlSlashGOption="no" isColorizerTrigger="no" isFilterTrigger="no" isSoundTrigger="no" isColorTrigger="no" isColorTriggerFg="no" isColorTriggerBg="no">
                    <name>waouq bragh =&gt; magic blast</name>
                    <script>local spell = matches[1]
local translation = &quot;magic blast&quot;

selectString(spell, 1)
replace(spell .. &quot; (&quot; .. translation .. &quot;)&quot; )</script>
                    <triggerType>0</triggerType>
                    <conditonLineDelta>0</conditonLineDelta>
                    <mStayOpen>0</mStayOpen>
                    <mCommand></mCommand>
                    <packageName></packageName>
                    <mFgColor>#ff0000</mFgColor>
                    <mBgColor>#ffff00</mBgColor>
                    <mSoundFile></mSoundFile>
                    <colorTriggerFgColor>#000000</colorTriggerFgColor>
                    <colorTriggerBgColor>#000000</colorTriggerBgColor>
                    <regexCodeList>
                        <string>'waouq bragh'</string>
                    </regexCodeList>
                    <regexCodePropertyList>
                        <integer>0</integer>
                    </regexCodePropertyList>
                </Trigger>
                <Trigger isActive="yes" isFolder="no" isTempTrigger="no" isMultiline="no" isPerlSlashGOption="no" isColorizerTrigger="no" isFilterTrigger="no" isSoundTrigger="no" isColorTrigger="no" isColorTriggerFg="no" isColorTriggerBg="no">
                    <name>noselacri =&gt; blindness</name>
                    <script>local spell = matches[1]
local translation = &quot;blindness&quot;

selectString(spell, 1)
replace(spell .. &quot; (&quot; .. translation .. &quot;)&quot; )</script>
                    <triggerType>0</triggerType>
                    <conditonLineDelta>0</conditonLineDelta>
                    <mStayOpen>0</mStayOpen>
                    <mCommand></mCommand>
                    <packageName></packageName>
                    <mFgColor>#ff0000</mFgColor>
                    <mBgColor>#ffff00</mBgColor>
                    <mSoundFile></mSoundFile>
                    <colorTriggerFgColor>#000000</colorTriggerFgColor>
                    <colorTriggerBgColor>#000000</colorTriggerBgColor>
                    <regexCodeList>
                        <string>'noselacri'</string>
                    </regexCodeList>
                    <regexCodePropertyList>
                        <integer>0</integer>
                    </regexCodePropertyList>
                </Trigger>
                <Trigger isActive="yes" isFolder="no" isTempTrigger="no" isMultiline="no" isPerlSlashGOption="no" isColorizerTrigger="no" isFilterTrigger="no" isSoundTrigger="no" isColorTrigger="no" isColorTriggerFg="no" isColorTriggerBg="no">
                    <name>unsozfol efaui =&gt; energy drain</name>
                    <script>local spell = matches[1]
local translation = &quot;energy drain&quot;

selectString(spell, 1)
replace(spell .. &quot; (&quot; .. translation .. &quot;)&quot; )</script>
                    <triggerType>0</triggerType>
                    <conditonLineDelta>0</conditonLineDelta>
                    <mStayOpen>0</mStayOpen>
                    <mCommand></mCommand>
                    <packageName></packageName>
                    <mFgColor>#ff0000</mFgColor>
                    <mBgColor>#ffff00</mBgColor>
                    <mSoundFile></mSoundFile>
                    <colorTriggerFgColor>#000000</colorTriggerFgColor>
                    <colorTriggerBgColor>#000000</colorTriggerBgColor>
                    <regexCodeList>
                        <string>'unsozfol efaui'</string>
                    </regexCodeList>
                    <regexCodePropertyList>
                        <integer>0</integer>
                    </regexCodePropertyList>
                </Trigger>
                <Trigger isActive="yes" isFolder="no" isTempTrigger="no" isMultiline="no" isPerlSlashGOption="no" isColorizerTrigger="no" isFilterTrigger="no" isSoundTrigger="no" isColorTrigger="no" isColorTriggerFg="no" isColorTriggerBg="no">
                    <name>canduswazz judifgz =&gt; remove curse</name>
                    <script>local spell = matches[1]
local translation = &quot;remove curse&quot;

selectString(spell, 1)
replace(spell .. &quot; (&quot; .. translation .. &quot;)&quot; )</script>
                    <triggerType>0</triggerType>
                    <conditonLineDelta>0</conditonLineDelta>
                    <mStayOpen>0</mStayOpen>
                    <mCommand></mCommand>
                    <packageName></packageName>
                    <mFgColor>#ff0000</mFgColor>
                    <mBgColor>#ffff00</mBgColor>
                    <mSoundFile></mSoundFile>
                    <colorTriggerFgColor>#000000</colorTriggerFgColor>
                    <colorTriggerBgColor>#000000</colorTriggerBgColor>
                    <regexCodeList>
                        <string>'canduswazz judifgz'</string>
                    </regexCodeList>
                    <regexCodePropertyList>
                        <integer>0</integer>
                    </regexCodePropertyList>
                </Trigger>
                <Trigger isActive="yes" isFolder="no" isTempTrigger="no" isMultiline="no" isPerlSlashGOption="no" isColorizerTrigger="no" isFilterTrigger="no" isSoundTrigger="no" isColorTrigger="no" isColorTriggerFg="no" isColorTriggerBg="no">
                    <name>safhar =&gt; ![1m![37m!portal!![0m</name>
                    <script>local spell = matches[1]
local translation = &quot;![1m![37m!portal!![0m&quot;

selectString(spell, 1)
replace(spell .. &quot; (&quot; .. translation .. &quot;)&quot; )</script>
                    <triggerType>0</triggerType>
                    <conditonLineDelta>0</conditonLineDelta>
                    <mStayOpen>0</mStayOpen>
                    <mCommand></mCommand>
                    <packageName></packageName>
                    <mFgColor>#ff0000</mFgColor>
                    <mBgColor>#ffff00</mBgColor>
                    <mSoundFile></mSoundFile>
                    <colorTriggerFgColor>#000000</colorTriggerFgColor>
                    <colorTriggerBgColor>#000000</colorTriggerBgColor>
                    <regexCodeList>
                        <string>'safhar'</string>
                    </regexCodeList>
                    <regexCodePropertyList>
                        <integer>0</integer>
                    </regexCodePropertyList>
                </Trigger>
                <Trigger isActive="yes" isFolder="no" isTempTrigger="no" isMultiline="no" isPerlSlashGOption="no" isColorizerTrigger="no" isFilterTrigger="no" isSoundTrigger="no" isColorTrigger="no" isColorTriggerFg="no" isColorTriggerBg="no">
                    <name>judicandus qfuhuq =&gt; cure critic</name>
                    <script>local spell = matches[1]
local translation = &quot;cure critic&quot;

selectString(spell, 1)
replace(spell .. &quot; (&quot; .. translation .. &quot;)&quot; )</script>
                    <triggerType>0</triggerType>
                    <conditonLineDelta>0</conditonLineDelta>
                    <mStayOpen>0</mStayOpen>
                    <mCommand></mCommand>
                    <packageName></packageName>
                    <mFgColor>#ff0000</mFgColor>
                    <mBgColor>#ffff00</mBgColor>
                    <mSoundFile></mSoundFile>
                    <colorTriggerFgColor>#000000</colorTriggerFgColor>
                    <colorTriggerBgColor>#000000</colorTriggerBgColor>
                    <regexCodeList>
                        <string>'judicandus qfuhuq'</string>
                    </regexCodeList>
                    <regexCodePropertyList>
                        <integer>0</integer>
                    </regexCodePropertyList>
                </Trigger>
                <Trigger isActive="yes" isFolder="no" isTempTrigger="no" isMultiline="no" isPerlSlashGOption="no" isColorizerTrigger="no" isFilterTrigger="no" isSoundTrigger="no" isColorTrigger="no" isColorTriggerFg="no" isColorTriggerBg="no">
                    <name>gurunsoqz =&gt; silence</name>
                    <script>local spell = matches[1]
local translation = &quot;silence&quot;

selectString(spell, 1)
replace(spell .. &quot; (&quot; .. translation .. &quot;)&quot; )</script>
                    <triggerType>0</triggerType>
                    <conditonLineDelta>0</conditonLineDelta>
                    <mStayOpen>0</mStayOpen>
                    <mCommand></mCommand>
                    <packageName></packageName>
                    <mFgColor>#ff0000</mFgColor>
                    <mBgColor>#ffff00</mBgColor>
                    <mSoundFile></mSoundFile>
                    <colorTriggerFgColor>#000000</colorTriggerFgColor>
                    <colorTriggerBgColor>#000000</colorTriggerBgColor>
                    <regexCodeList>
                        <string>'gurunsoqz'</string>
                    </regexCodeList>
                    <regexCodePropertyList>
                        <integer>0</integer>
                    </regexCodePropertyList>
                </Trigger>
                <Trigger isActive="yes" isFolder="no" isTempTrigger="no" isMultiline="no" isPerlSlashGOption="no" isColorizerTrigger="no" isFilterTrigger="no" isSoundTrigger="no" isColorTrigger="no" isColorTriggerFg="no" isColorTriggerBg="no">
                    <name>qpurr hajqp =&gt; chill touch</name>
                    <script>local spell = matches[1]
local translation = &quot;chill touch&quot;

selectString(spell, 1)
replace(spell .. &quot; (&quot; .. translation .. &quot;)&quot; )</script>
                    <triggerType>0</triggerType>
                    <conditonLineDelta>0</conditonLineDelta>
                    <mStayOpen>0</mStayOpen>
                    <mCommand></mCommand>
                    <packageName></packageName>
                    <mFgColor>#ff0000</mFgColor>
                    <mBgColor>#ffff00</mBgColor>
                    <mSoundFile></mSoundFile>
                    <colorTriggerFgColor>#000000</colorTriggerFgColor>
                    <colorTriggerBgColor>#000000</colorTriggerBgColor>
                    <regexCodeList>
                        <string>'qpurr hajqp'</string>
                    </regexCodeList>
                    <regexCodePropertyList>
                        <integer>0</integer>
                    </regexCodePropertyList>
                </Trigger>
                <Trigger isActive="yes" isFolder="no" isTempTrigger="no" isMultiline="no" isPerlSlashGOption="no" isColorizerTrigger="no" isFilterTrigger="no" isSoundTrigger="no" isColorTrigger="no" isColorTriggerFg="no" isColorTriggerBg="no">
                    <name>grzzs =&gt; sleep</name>
                    <script>local spell = matches[1]
local translation = &quot;sleep&quot;

selectString(spell, 1)
replace(spell .. &quot; (&quot; .. translation .. &quot;)&quot; )</script>
                    <triggerType>0</triggerType>
                    <conditonLineDelta>0</conditonLineDelta>
                    <mStayOpen>0</mStayOpen>
                    <mCommand></mCommand>
                    <packageName></packageName>
                    <mFgColor>#ff0000</mFgColor>
                    <mBgColor>#ffff00</mBgColor>
                    <mSoundFile></mSoundFile>
                    <colorTriggerFgColor>#000000</colorTriggerFgColor>
                    <colorTriggerBgColor>#000000</colorTriggerBgColor>
                    <regexCodeList>
                        <string>'grzzs'</string>
                    </regexCodeList>
                    <regexCodePropertyList>
                        <integer>0</integer>
                    </regexCodePropertyList>
                </Trigger>
                <Trigger isActive="yes" isFolder="no" isTempTrigger="no" isMultiline="no" isPerlSlashGOption="no" isColorizerTrigger="no" isFilterTrigger="no" isSoundTrigger="no" isColorTrigger="no" isColorTriggerFg="no" isColorTriggerBg="no">
                    <name>ghafz =&gt; store</name>
                    <script>local spell = matches[1]
local translation = &quot;store&quot;

selectString(spell, 1)
replace(spell .. &quot; (&quot; .. translation .. &quot;)&quot; )</script>
                    <triggerType>0</triggerType>
                    <conditonLineDelta>0</conditonLineDelta>
                    <mStayOpen>0</mStayOpen>
                    <mCommand></mCommand>
                    <packageName></packageName>
                    <mFgColor>#ff0000</mFgColor>
                    <mBgColor>#ffff00</mBgColor>
                    <mSoundFile></mSoundFile>
                    <colorTriggerFgColor>#000000</colorTriggerFgColor>
                    <colorTriggerBgColor>#000000</colorTriggerBgColor>
                    <regexCodeList>
                        <string>'ghafz'</string>
                    </regexCodeList>
                    <regexCodePropertyList>
                        <integer>0</integer>
                    </regexCodePropertyList>
                </Trigger>
                <Trigger isActive="yes" isFolder="no" isTempTrigger="no" isMultiline="no" isPerlSlashGOption="no" isColorizerTrigger="no" isFilterTrigger="no" isSoundTrigger="no" isColorTrigger="no" isColorTriggerFg="no" isColorTriggerBg="no">
                    <name>unsoqpaih =&gt; enchant</name>
                    <script>local spell = matches[1]
local translation = &quot;enchant&quot;

selectString(spell, 1)
replace(spell .. &quot; (&quot; .. translation .. &quot;)&quot; )</script>
                    <triggerType>0</triggerType>
                    <conditonLineDelta>0</conditonLineDelta>
                    <mStayOpen>0</mStayOpen>
                    <mCommand></mCommand>
                    <packageName></packageName>
                    <mFgColor>#ff0000</mFgColor>
                    <mBgColor>#ffff00</mBgColor>
                    <mSoundFile></mSoundFile>
                    <colorTriggerFgColor>#000000</colorTriggerFgColor>
                    <colorTriggerBgColor>#000000</colorTriggerBgColor>
                    <regexCodeList>
                        <string>'unsoqpaih'</string>
                    </regexCodeList>
                    <regexCodePropertyList>
                        <integer>0</integer>
                    </regexCodePropertyList>
                </Trigger>
                <Trigger isActive="yes" isFolder="no" isTempTrigger="no" isMultiline="no" isPerlSlashGOption="no" isColorizerTrigger="no" isFilterTrigger="no" isSoundTrigger="no" isColorTrigger="no" isColorTriggerFg="no" isColorTriggerBg="no">
                    <name>qarr diesilla =&gt; call lightning</name>
                    <script>local spell = matches[1]
local translation = &quot;call lightning&quot;

selectString(spell, 1)
replace(spell .. &quot; (&quot; .. translation .. &quot;)&quot; )</script>
                    <triggerType>0</triggerType>
                    <conditonLineDelta>0</conditonLineDelta>
                    <mStayOpen>0</mStayOpen>
                    <mCommand></mCommand>
                    <packageName></packageName>
                    <mFgColor>#ff0000</mFgColor>
                    <mBgColor>#ffff00</mBgColor>
                    <mSoundFile></mSoundFile>
                    <colorTriggerFgColor>#000000</colorTriggerFgColor>
                    <colorTriggerBgColor>#000000</colorTriggerBgColor>
                    <regexCodeList>
                        <string>'qarr diesilla'</string>
                    </regexCodeList>
                    <regexCodePropertyList>
                        <integer>0</integer>
                    </regexCodePropertyList>
                </Trigger>
                <Trigger isActive="yes" isFolder="no" isTempTrigger="no" isMultiline="no" isPerlSlashGOption="no" isColorizerTrigger="no" isFilterTrigger="no" isSoundTrigger="no" isColorTrigger="no" isColorTriggerFg="no" isColorTriggerBg="no">
                    <name>pzar =&gt; heal</name>
                    <script>local spell = matches[1]
local translation = &quot;heal&quot;

selectString(spell, 1)
replace(spell .. &quot; (&quot; .. translation .. &quot;)&quot; )</script>
                    <triggerType>0</triggerType>
                    <conditonLineDelta>0</conditonLineDelta>
                    <mStayOpen>0</mStayOpen>
                    <mCommand></mCommand>
                    <packageName></packageName>
                    <mFgColor>#ff0000</mFgColor>
                    <mBgColor>#ffff00</mBgColor>
                    <mSoundFile></mSoundFile>
                    <colorTriggerFgColor>#000000</colorTriggerFgColor>
                    <colorTriggerBgColor>#000000</colorTriggerBgColor>
                    <regexCodeList>
                        <string>'pzar'</string>
                    </regexCodeList>
                    <regexCodePropertyList>
                        <integer>0</integer>
                    </regexCodePropertyList>
                </Trigger>
                <Trigger isActive="yes" isFolder="no" isTempTrigger="no" isMultiline="no" isPerlSlashGOption="no" isColorizerTrigger="no" isFilterTrigger="no" isSoundTrigger="no" isColorTrigger="no" isColorTriggerFg="no" isColorTriggerBg="no">
                    <name>yuie hpz sahp =&gt; find the path</name>
                    <script>local spell = matches[1]
local translation = &quot;find the path&quot;

selectString(spell, 1)
replace(spell .. &quot; (&quot; .. translation .. &quot;)&quot; )</script>
                    <triggerType>0</triggerType>
                    <conditonLineDelta>0</conditonLineDelta>
                    <mStayOpen>0</mStayOpen>
                    <mCommand></mCommand>
                    <packageName></packageName>
                    <mFgColor>#ff0000</mFgColor>
                    <mBgColor>#ffff00</mBgColor>
                    <mSoundFile></mSoundFile>
                    <colorTriggerFgColor>#000000</colorTriggerFgColor>
                    <colorTriggerBgColor>#000000</colorTriggerBgColor>
                    <regexCodeList>
                        <string>'yuie hpz sahp'</string>
                    </regexCodeList>
                    <regexCodePropertyList>
                        <integer>0</integer>
                    </regexCodePropertyList>
                </Trigger>
                <Trigger isActive="yes" isFolder="no" isTempTrigger="no" isMultiline="no" isPerlSlashGOption="no" isColorizerTrigger="no" isFilterTrigger="no" isSoundTrigger="no" isColorTrigger="no" isColorTriggerFg="no" isColorTriggerBg="no">
                    <name>fido =&gt; bless</name>
                    <script>local spell = matches[1]
local translation = &quot;bless&quot;

selectString(spell, 1)
replace(spell .. &quot; (&quot; .. translation .. &quot;)&quot; )</script>
                    <triggerType>0</triggerType>
                    <conditonLineDelta>0</conditonLineDelta>
                    <mStayOpen>0</mStayOpen>
                    <mCommand></mCommand>
                    <packageName></packageName>
                    <mFgColor>#ff0000</mFgColor>
                    <mBgColor>#ffff00</mBgColor>
                    <mSoundFile></mSoundFile>
                    <colorTriggerFgColor>#000000</colorTriggerFgColor>
                    <colorTriggerBgColor>#000000</colorTriggerBgColor>
                    <regexCodeList>
                        <string>'fido'</string>
                    </regexCodeList>
                    <regexCodePropertyList>
                        <integer>0</integer>
                    </regexCodePropertyList>
                </Trigger>
                <Trigger isActive="yes" isFolder="no" isTempTrigger="no" isMultiline="no" isPerlSlashGOption="no" isColorizerTrigger="no" isFilterTrigger="no" isSoundTrigger="no" isColorTrigger="no" isColorTriggerFg="no" isColorTriggerBg="no">
                    <name>uoculoihuyl =&gt; identify</name>
                    <script>local spell = matches[1]
local translation = &quot;identify&quot;

selectString(spell, 1)
replace(spell .. &quot; (&quot; .. translation .. &quot;)&quot; )</script>
                    <triggerType>0</triggerType>
                    <conditonLineDelta>0</conditonLineDelta>
                    <mStayOpen>0</mStayOpen>
                    <mCommand></mCommand>
                    <packageName></packageName>
                    <mFgColor>#ff0000</mFgColor>
                    <mBgColor>#ffff00</mBgColor>
                    <mSoundFile></mSoundFile>
                    <colorTriggerFgColor>#000000</colorTriggerFgColor>
                    <colorTriggerBgColor>#000000</colorTriggerBgColor>
                    <regexCodeList>
                        <string>'uoculoihuyl'</string>
                    </regexCodeList>
                    <regexCodePropertyList>
                        <integer>0</integer>
                    </regexCodePropertyList>
                </Trigger>
                <Trigger isActive="yes" isFolder="no" isTempTrigger="no" isMultiline="no" isPerlSlashGOption="no" isColorizerTrigger="no" isFilterTrigger="no" isSoundTrigger="no" isColorTrigger="no" isColorTriggerFg="no" isColorTriggerBg="no">
                    <name>qaihfar xzahpzf =&gt; control weather</name>
                    <script>local spell = matches[1]
local translation = &quot;control weather&quot;

selectString(spell, 1)
replace(spell .. &quot; (&quot; .. translation .. &quot;)&quot; )</script>
                    <triggerType>0</triggerType>
                    <conditonLineDelta>0</conditonLineDelta>
                    <mStayOpen>0</mStayOpen>
                    <mCommand></mCommand>
                    <packageName></packageName>
                    <mFgColor>#ff0000</mFgColor>
                    <mBgColor>#ffff00</mBgColor>
                    <mSoundFile></mSoundFile>
                    <colorTriggerFgColor>#000000</colorTriggerFgColor>
                    <colorTriggerBgColor>#000000</colorTriggerBgColor>
                    <regexCodeList>
                        <string>'qaihfar xzahpzf'</string>
                    </regexCodeList>
                    <regexCodePropertyList>
                        <integer>0</integer>
                    </regexCodePropertyList>
                </Trigger>
                <Trigger isActive="yes" isFolder="no" isTempTrigger="no" isMultiline="no" isPerlSlashGOption="no" isColorizerTrigger="no" isFilterTrigger="no" isSoundTrigger="no" isColorTrigger="no" isColorTriggerFg="no" isColorTriggerBg="no">
                    <name>oculoinfra zzur =&gt; detect evil</name>
                    <script>local spell = matches[1]
local translation = &quot;detect evil&quot;

selectString(spell, 1)
replace(spell .. &quot; (&quot; .. translation .. &quot;)&quot; )</script>
                    <triggerType>0</triggerType>
                    <conditonLineDelta>0</conditonLineDelta>
                    <mStayOpen>0</mStayOpen>
                    <mCommand></mCommand>
                    <packageName></packageName>
                    <mFgColor>#ff0000</mFgColor>
                    <mBgColor>#ffff00</mBgColor>
                    <mSoundFile></mSoundFile>
                    <colorTriggerFgColor>#000000</colorTriggerFgColor>
                    <colorTriggerBgColor>#000000</colorTriggerBgColor>
                    <regexCodeList>
                        <string>'oculoinfra zzur'</string>
                    </regexCodeList>
                    <regexCodePropertyList>
                        <integer>0</integer>
                    </regexCodePropertyList>
                </Trigger>
                <Trigger isActive="yes" isFolder="no" isTempTrigger="no" isMultiline="no" isPerlSlashGOption="no" isColorizerTrigger="no" isFilterTrigger="no" isSoundTrigger="no" isColorTrigger="no" isColorTriggerFg="no" isColorTriggerBg="no">
                    <name>qfzahz xahzf =&gt; create water</name>
                    <script>local spell = matches[1]
local translation = &quot;create water&quot;

selectString(spell, 1)
replace(spell .. &quot; (&quot; .. translation .. &quot;)&quot; )</script>
                    <triggerType>0</triggerType>
                    <conditonLineDelta>0</conditonLineDelta>
                    <mStayOpen>0</mStayOpen>
                    <mCommand></mCommand>
                    <packageName></packageName>
                    <mFgColor>#ff0000</mFgColor>
                    <mBgColor>#ffff00</mBgColor>
                    <mSoundFile></mSoundFile>
                    <colorTriggerFgColor>#000000</colorTriggerFgColor>
                    <colorTriggerBgColor>#000000</colorTriggerBgColor>
                    <regexCodeList>
                        <string>'qfzahz xahzf'</string>
                    </regexCodeList>
                    <regexCodePropertyList>
                        <integer>0</integer>
                    </regexCodePropertyList>
                </Trigger>
                <Trigger isActive="yes" isFolder="no" isTempTrigger="no" isMultiline="no" isPerlSlashGOption="no" isColorizerTrigger="no" isFilterTrigger="no" isSoundTrigger="no" isColorTrigger="no" isColorTriggerFg="no" isColorTriggerBg="no">
                    <name>judicandus dies =&gt; cure light</name>
                    <script>local spell = matches[1]
local translation = &quot;cure light&quot;

selectString(spell, 1)
replace(spell .. &quot; (&quot; .. translation .. &quot;)&quot; )</script>
                    <triggerType>0</triggerType>
                    <conditonLineDelta>0</conditonLineDelta>
                    <mStayOpen>0</mStayOpen>
                    <mCommand></mCommand>
                    <packageName></packageName>
                    <mFgColor>#ff0000</mFgColor>
                    <mBgColor>#ffff00</mBgColor>
                    <mSoundFile></mSoundFile>
                    <colorTriggerFgColor>#000000</colorTriggerFgColor>
                    <colorTriggerBgColor>#000000</colorTriggerBgColor>
                    <regexCodeList>
                        <string>'judicandus dies'</string>
                    </regexCodeList>
                    <regexCodePropertyList>
                        <integer>0</integer>
                    </regexCodePropertyList>
                </Trigger>
                <Trigger isActive="yes" isFolder="no" isTempTrigger="no" isMultiline="no" isPerlSlashGOption="no" isColorizerTrigger="no" isFilterTrigger="no" isSoundTrigger="no" isColorTrigger="no" isColorTriggerFg="no" isColorTriggerBg="no">
                    <name>ghcandusiohp =&gt; strength</name>
                    <script>local spell = matches[1]
local translation = &quot;strength&quot;

selectString(spell, 1)
replace(spell .. &quot; (&quot; .. translation .. &quot;)&quot; )</script>
                    <triggerType>0</triggerType>
                    <conditonLineDelta>0</conditonLineDelta>
                    <mStayOpen>0</mStayOpen>
                    <mCommand></mCommand>
                    <packageName></packageName>
                    <mFgColor>#ff0000</mFgColor>
                    <mBgColor>#ffff00</mBgColor>
                    <mSoundFile></mSoundFile>
                    <colorTriggerFgColor>#000000</colorTriggerFgColor>
                    <colorTriggerBgColor>#000000</colorTriggerBgColor>
                    <regexCodeList>
                        <string>'ghcandusiohp'</string>
                    </regexCodeList>
                    <regexCodePropertyList>
                        <integer>0</integer>
                    </regexCodePropertyList>
                </Trigger>
                <Trigger isActive="yes" isFolder="no" isTempTrigger="no" isMultiline="no" isPerlSlashGOption="no" isColorizerTrigger="no" isFilterTrigger="no" isSoundTrigger="no" isColorTrigger="no" isColorTriggerFg="no" isColorTriggerBg="no">
                    <name>mosailla paieg =&gt; burning hands</name>
                    <script>local spell = matches[1]
local translation = &quot;burning hands&quot;

selectString(spell, 1)
replace(spell .. &quot; (&quot; .. translation .. &quot;)&quot; )</script>
                    <triggerType>0</triggerType>
                    <conditonLineDelta>0</conditonLineDelta>
                    <mStayOpen>0</mStayOpen>
                    <mCommand></mCommand>
                    <packageName></packageName>
                    <mFgColor>#ff0000</mFgColor>
                    <mBgColor>#ffff00</mBgColor>
                    <mSoundFile></mSoundFile>
                    <colorTriggerFgColor>#000000</colorTriggerFgColor>
                    <colorTriggerBgColor>#000000</colorTriggerBgColor>
                    <regexCodeList>
                        <string>'mosailla paieg'</string>
                    </regexCodeList>
                    <regexCodePropertyList>
                        <integer>0</integer>
                    </regexCodePropertyList>
                </Trigger>
                <Trigger isActive="yes" isFolder="no" isTempTrigger="no" isMultiline="no" isPerlSlashGOption="no" isColorizerTrigger="no" isFilterTrigger="no" isSoundTrigger="no" isColorTrigger="no" isColorTriggerFg="no" isColorTriggerBg="no">
                    <name>euzuiahuai =&gt; divination</name>
                    <script>local spell = matches[1]
local translation = &quot;divination&quot;

selectString(spell, 1)
replace(spell .. &quot; (&quot; .. translation .. &quot;)&quot; )</script>
                    <triggerType>0</triggerType>
                    <conditonLineDelta>0</conditonLineDelta>
                    <mStayOpen>0</mStayOpen>
                    <mCommand></mCommand>
                    <packageName></packageName>
                    <mFgColor>#ff0000</mFgColor>
                    <mBgColor>#ffff00</mBgColor>
                    <mSoundFile></mSoundFile>
                    <colorTriggerFgColor>#000000</colorTriggerFgColor>
                    <colorTriggerBgColor>#000000</colorTriggerBgColor>
                    <regexCodeList>
                        <string>'euzuiahuai'</string>
                    </regexCodeList>
                    <regexCodePropertyList>
                        <integer>0</integer>
                    </regexCodePropertyList>
                </Trigger>
                <Trigger isActive="yes" isFolder="no" isTempTrigger="no" isMultiline="no" isPerlSlashGOption="no" isColorizerTrigger="no" isFilterTrigger="no" isSoundTrigger="no" isColorTrigger="no" isColorTriggerFg="no" isColorTriggerBg="no">
                    <name>hgruigyzf =&gt; transfer</name>
                    <script>local spell = matches[1]
local translation = &quot;transfer&quot;

selectString(spell, 1)
replace(spell .. &quot; (&quot; .. translation .. &quot;)&quot; )</script>
                    <triggerType>0</triggerType>
                    <conditonLineDelta>0</conditonLineDelta>
                    <mStayOpen>0</mStayOpen>
                    <mCommand></mCommand>
                    <packageName></packageName>
                    <mFgColor>#ff0000</mFgColor>
                    <mBgColor>#ffff00</mBgColor>
                    <mSoundFile></mSoundFile>
                    <colorTriggerFgColor>#000000</colorTriggerFgColor>
                    <colorTriggerBgColor>#000000</colorTriggerBgColor>
                    <regexCodeList>
                        <string>'hgruigyzf'</string>
                    </regexCodeList>
                    <regexCodePropertyList>
                        <integer>0</integer>
                    </regexCodePropertyList>
                </Trigger>
                <Trigger isActive="yes" isFolder="no" isTempTrigger="no" isMultiline="no" isPerlSlashGOption="no" isColorizerTrigger="no" isFilterTrigger="no" isSoundTrigger="no" isColorTrigger="no" isColorTriggerFg="no" isColorTriggerBg="no">
                    <name>oculoinfra waouq =&gt; detect magic</name>
                    <script>local spell = matches[1]
local translation = &quot;detect magic&quot;

selectString(spell, 1)
replace(spell .. &quot; (&quot; .. translation .. &quot;)&quot; )</script>
                    <triggerType>0</triggerType>
                    <conditonLineDelta>0</conditonLineDelta>
                    <mStayOpen>0</mStayOpen>
                    <mCommand></mCommand>
                    <packageName></packageName>
                    <mFgColor>#ff0000</mFgColor>
                    <mBgColor>#ffff00</mBgColor>
                    <mSoundFile></mSoundFile>
                    <colorTriggerFgColor>#000000</colorTriggerFgColor>
                    <colorTriggerBgColor>#000000</colorTriggerBgColor>
                    <regexCodeList>
                        <string>'oculoinfra waouq'</string>
                    </regexCodeList>
                    <regexCodePropertyList>
                        <integer>0</integer>
                    </regexCodePropertyList>
                </Trigger>
                <Trigger isActive="yes" isFolder="no" isTempTrigger="no" isMultiline="no" isPerlSlashGOption="no" isColorizerTrigger="no" isFilterTrigger="no" isSoundTrigger="no" isColorTrigger="no" isColorTriggerFg="no" isColorTriggerBg="no">
                    <name>pabraw =&gt; harm</name>
                    <script>local spell = matches[1]
local translation = &quot;harm&quot;

selectString(spell, 1)
replace(spell .. &quot; (&quot; .. translation .. &quot;)&quot; )</script>
                    <triggerType>0</triggerType>
                    <conditonLineDelta>0</conditonLineDelta>
                    <mStayOpen>0</mStayOpen>
                    <mCommand></mCommand>
                    <packageName></packageName>
                    <mFgColor>#ff0000</mFgColor>
                    <mBgColor>#ffff00</mBgColor>
                    <mSoundFile></mSoundFile>
                    <colorTriggerFgColor>#000000</colorTriggerFgColor>
                    <colorTriggerBgColor>#000000</colorTriggerBgColor>
                    <regexCodeList>
                        <string>'pabraw'</string>
                    </regexCodeList>
                    <regexCodePropertyList>
                        <integer>0</integer>
                    </regexCodePropertyList>
                </Trigger>
                <Trigger isActive="yes" isFolder="no" isTempTrigger="no" isMultiline="no" isPerlSlashGOption="no" isColorizerTrigger="no" isFilterTrigger="no" isSoundTrigger="no" isColorTrigger="no" isColorTriggerFg="no" isColorTriggerBg="no">
                    <name>eabratizgg =&gt; darkness</name>
                    <script>local spell = matches[1]
local translation = &quot;darkness&quot;

selectString(spell, 1)
replace(spell .. &quot; (&quot; .. translation .. &quot;)&quot; )</script>
                    <triggerType>0</triggerType>
                    <conditonLineDelta>0</conditonLineDelta>
                    <mStayOpen>0</mStayOpen>
                    <mCommand></mCommand>
                    <packageName></packageName>
                    <mFgColor>#ff0000</mFgColor>
                    <mBgColor>#ffff00</mBgColor>
                    <mSoundFile></mSoundFile>
                    <colorTriggerFgColor>#000000</colorTriggerFgColor>
                    <colorTriggerBgColor>#000000</colorTriggerBgColor>
                    <regexCodeList>
                        <string>'eabratizgg'</string>
                    </regexCodeList>
                    <regexCodePropertyList>
                        <integer>0</integer>
                    </regexCodePropertyList>
                </Trigger>
                <Trigger isActive="yes" isFolder="no" isTempTrigger="no" isMultiline="no" isPerlSlashGOption="no" isColorizerTrigger="no" isFilterTrigger="no" isSoundTrigger="no" isColorTrigger="no" isColorTriggerFg="no" isColorTriggerBg="no">
                    <name>qfzahz dies =&gt; create light</name>
                    <script>local spell = matches[1]
local translation = &quot;create light&quot;

selectString(spell, 1)
replace(spell .. &quot; (&quot; .. translation .. &quot;)&quot; )</script>
                    <triggerType>0</triggerType>
                    <conditonLineDelta>0</conditonLineDelta>
                    <mStayOpen>0</mStayOpen>
                    <mCommand></mCommand>
                    <packageName></packageName>
                    <mFgColor>#ff0000</mFgColor>
                    <mBgColor>#ffff00</mBgColor>
                    <mSoundFile></mSoundFile>
                    <colorTriggerFgColor>#000000</colorTriggerFgColor>
                    <colorTriggerBgColor>#000000</colorTriggerBgColor>
                    <regexCodeList>
                        <string>'qfzahz dies'</string>
                    </regexCodeList>
                    <regexCodePropertyList>
                        <integer>0</integer>
                    </regexCodePropertyList>
                </Trigger>
                <Trigger isActive="yes" isFolder="no" isTempTrigger="no" isMultiline="no" isPerlSlashGOption="no" isColorizerTrigger="no" isFilterTrigger="no" isSoundTrigger="no" isColorTrigger="no" isColorTriggerFg="no" isColorTriggerBg="no">
                    <name>gpaqtuio ofags =&gt; shocking grasp</name>
                    <script>local spell = matches[1]
local translation = &quot;shocking grasp&quot;

selectString(spell, 1)
replace(spell .. &quot; (&quot; .. translation .. &quot;)&quot; )</script>
                    <triggerType>0</triggerType>
                    <conditonLineDelta>0</conditonLineDelta>
                    <mStayOpen>0</mStayOpen>
                    <mCommand></mCommand>
                    <packageName></packageName>
                    <mFgColor>#ff0000</mFgColor>
                    <mBgColor>#ffff00</mBgColor>
                    <mSoundFile></mSoundFile>
                    <colorTriggerFgColor>#000000</colorTriggerFgColor>
                    <colorTriggerBgColor>#000000</colorTriggerBgColor>
                    <regexCodeList>
                        <string>'gpaqtuio ofags'</string>
                    </regexCodeList>
                    <regexCodePropertyList>
                        <integer>0</integer>
                    </regexCodePropertyList>
                </Trigger>
                <Trigger isActive="yes" isFolder="no" isTempTrigger="no" isMultiline="no" isPerlSlashGOption="no" isColorizerTrigger="no" isFilterTrigger="no" isSoundTrigger="no" isColorTrigger="no" isColorTriggerFg="no" isColorTriggerBg="no">
                    <name>braqt eaaf =&gt; block door</name>
                    <script>local spell = matches[1]
local translation = &quot;block door&quot;

selectString(spell, 1)
replace(spell .. &quot; (&quot; .. translation .. &quot;)&quot; )</script>
                    <triggerType>0</triggerType>
                    <conditonLineDelta>0</conditonLineDelta>
                    <mStayOpen>0</mStayOpen>
                    <mCommand></mCommand>
                    <packageName></packageName>
                    <mFgColor>#ff0000</mFgColor>
                    <mBgColor>#ffff00</mBgColor>
                    <mSoundFile></mSoundFile>
                    <colorTriggerFgColor>#000000</colorTriggerFgColor>
                    <colorTriggerBgColor>#000000</colorTriggerBgColor>
                    <regexCodeList>
                        <string>'braqt eaaf'</string>
                    </regexCodeList>
                    <regexCodePropertyList>
                        <integer>0</integer>
                    </regexCodePropertyList>
                </Trigger>
                <Trigger isActive="yes" isFolder="no" isTempTrigger="no" isMultiline="no" isPerlSlashGOption="no" isColorizerTrigger="no" isFilterTrigger="no" isSoundTrigger="no" isColorTrigger="no" isColorTriggerFg="no" isColorTriggerBg="no">
                    <name>saugai =&gt; poison</name>
                    <script>local spell = matches[1]
local translation = &quot;poison&quot;

selectString(spell, 1)
replace(spell .. &quot; (&quot; .. translation .. &quot;)&quot; )</script>
                    <triggerType>0</triggerType>
                    <conditonLineDelta>0</conditonLineDelta>
                    <mStayOpen>0</mStayOpen>
                    <mCommand></mCommand>
                    <packageName></packageName>
                    <mFgColor>#ff0000</mFgColor>
                    <mBgColor>#ffff00</mBgColor>
                    <mSoundFile></mSoundFile>
                    <colorTriggerFgColor>#000000</colorTriggerFgColor>
                    <colorTriggerBgColor>#000000</colorTriggerBgColor>
                    <regexCodeList>
                        <string>'saugai'</string>
                    </regexCodeList>
                    <regexCodePropertyList>
                        <integer>0</integer>
                    </regexCodePropertyList>
                </Trigger>
                <Trigger isActive="yes" isFolder="no" isTempTrigger="no" isMultiline="no" isPerlSlashGOption="no" isColorizerTrigger="no" isFilterTrigger="no" isSoundTrigger="no" isColorTrigger="no" isColorTriggerFg="no" isColorTriggerBg="no">
                    <name>judicandus noselacri =&gt; cure blindness</name>
                    <script>local spell = matches[1]
local translation = &quot;cure blindness&quot;

selectString(spell, 1)
replace(spell .. &quot; (&quot; .. translation .. &quot;)&quot; )</script>
                    <triggerType>0</triggerType>
                    <conditonLineDelta>0</conditonLineDelta>
                    <mStayOpen>0</mStayOpen>
                    <mCommand></mCommand>
                    <packageName></packageName>
                    <mFgColor>#ff0000</mFgColor>
                    <mBgColor>#ffff00</mBgColor>
                    <mSoundFile></mSoundFile>
                    <colorTriggerFgColor>#000000</colorTriggerFgColor>
                    <colorTriggerBgColor>#000000</colorTriggerBgColor>
                    <regexCodeList>
                        <string>'judicandus noselacri'</string>
                    </regexCodeList>
                    <regexCodePropertyList>
                        <integer>0</integer>
                    </regexCodePropertyList>
                </Trigger>
                <Trigger isActive="yes" isFolder="no" isTempTrigger="no" isMultiline="no" isPerlSlashGOption="no" isColorizerTrigger="no" isFilterTrigger="no" isSoundTrigger="no" isColorTrigger="no" isColorTriggerFg="no" isColorTriggerBg="no">
                    <name>hiqahz =&gt; locate</name>
                    <script>local spell = matches[1]
local translation = &quot;locate&quot;

selectString(spell, 1)
replace(spell .. &quot; (&quot; .. translation .. &quot;)&quot; )</script>
                    <triggerType>0</triggerType>
                    <conditonLineDelta>0</conditonLineDelta>
                    <mStayOpen>0</mStayOpen>
                    <mCommand></mCommand>
                    <packageName></packageName>
                    <mFgColor>#ff0000</mFgColor>
                    <mBgColor>#ffff00</mBgColor>
                    <mSoundFile></mSoundFile>
                    <colorTriggerFgColor>#000000</colorTriggerFgColor>
                    <colorTriggerBgColor>#000000</colorTriggerBgColor>
                    <regexCodeList>
                        <string>'hiqahz'</string>
                    </regexCodeList>
                    <regexCodePropertyList>
                        <integer>0</integer>
                    </regexCodePropertyList>
                </Trigger>
                <Trigger isActive="yes" isFolder="no" isTempTrigger="no" isMultiline="no" isPerlSlashGOption="no" isColorizerTrigger="no" isFilterTrigger="no" isSoundTrigger="no" isColorTrigger="no" isColorTriggerFg="no" isColorTriggerBg="no">
                    <name>eugszr waouq =&gt; dispel magic</name>
                    <script>local spell = matches[1]
local translation = &quot;dispel magic&quot;

selectString(spell, 1)
replace(spell .. &quot; (&quot; .. translation .. &quot;)&quot; )</script>
                    <triggerType>0</triggerType>
                    <conditonLineDelta>0</conditonLineDelta>
                    <mStayOpen>0</mStayOpen>
                    <mCommand></mCommand>
                    <packageName></packageName>
                    <mFgColor>#ff0000</mFgColor>
                    <mBgColor>#ffff00</mBgColor>
                    <mSoundFile></mSoundFile>
                    <colorTriggerFgColor>#000000</colorTriggerFgColor>
                    <colorTriggerBgColor>#000000</colorTriggerBgColor>
                    <regexCodeList>
                        <string>'eugszr waouq'</string>
                    </regexCodeList>
                    <regexCodePropertyList>
                        <integer>0</integer>
                    </regexCodePropertyList>
                </Trigger>
                <Trigger isActive="yes" isFolder="no" isTempTrigger="no" isMultiline="no" isPerlSlashGOption="no" isColorizerTrigger="no" isFilterTrigger="no" isSoundTrigger="no" isColorTrigger="no" isColorTriggerFg="no" isColorTriggerBg="no">
                    <name>hzrzsafh =&gt; teleport</name>
                    <script>local spell = matches[1]
local translation = &quot;teleport&quot;

selectString(spell, 1)
replace(spell .. &quot; (&quot; .. translation .. &quot;)&quot; )</script>
                    <triggerType>0</triggerType>
                    <conditonLineDelta>0</conditonLineDelta>
                    <mStayOpen>0</mStayOpen>
                    <mCommand></mCommand>
                    <packageName></packageName>
                    <mFgColor>#ff0000</mFgColor>
                    <mBgColor>#ffff00</mBgColor>
                    <mSoundFile></mSoundFile>
                    <colorTriggerFgColor>#000000</colorTriggerFgColor>
                    <colorTriggerBgColor>#000000</colorTriggerBgColor>
                    <regexCodeList>
                        <string>'hzrzsafh'</string>
                    </regexCodeList>
                    <regexCodePropertyList>
                        <integer>0</integer>
                    </regexCodePropertyList>
                </Trigger>
                <Trigger isActive="yes" isFolder="no" isTempTrigger="no" isMultiline="no" isPerlSlashGOption="no" isColorizerTrigger="no" isFilterTrigger="no" isSoundTrigger="no" isColorTrigger="no" isColorTriggerFg="no" isColorTriggerBg="no">
                    <name>gjwwai =&gt; summon</name>
                    <script>local spell = matches[1]
local translation = &quot;summon&quot;

selectString(spell, 1)
replace(spell .. &quot; (&quot; .. translation .. &quot;)&quot; )</script>
                    <triggerType>0</triggerType>
                    <conditonLineDelta>0</conditonLineDelta>
                    <mStayOpen>0</mStayOpen>
                    <mCommand></mCommand>
                    <packageName></packageName>
                    <mFgColor>#ff0000</mFgColor>
                    <mBgColor>#ffff00</mBgColor>
                    <mSoundFile></mSoundFile>
                    <colorTriggerFgColor>#000000</colorTriggerFgColor>
                    <colorTriggerBgColor>#000000</colorTriggerBgColor>
                    <regexCodeList>
                        <string>'gjwwai'</string>
                    </regexCodeList>
                    <regexCodePropertyList>
                        <integer>0</integer>
                    </regexCodePropertyList>
                </Trigger>
                <Trigger isActive="yes" isFolder="no" isTempTrigger="no" isMultiline="no" isPerlSlashGOption="no" isColorizerTrigger="no" isFilterTrigger="no" isSoundTrigger="no" isColorTrigger="no" isColorTriggerFg="no" isColorTriggerBg="no">
                    <name>zabrahpdjatz =&gt; earthquake</name>
                    <script>local spell = matches[1]
local translation = &quot;earthquake&quot;

selectString(spell, 1)
replace(spell .. &quot; (&quot; .. translation .. &quot;)&quot; )</script>
                    <triggerType>0</triggerType>
                    <conditonLineDelta>0</conditonLineDelta>
                    <mStayOpen>0</mStayOpen>
                    <mCommand></mCommand>
                    <packageName></packageName>
                    <mFgColor>#ff0000</mFgColor>
                    <mBgColor>#ffff00</mBgColor>
                    <mSoundFile></mSoundFile>
                    <colorTriggerFgColor>#000000</colorTriggerFgColor>
                    <colorTriggerBgColor>#000000</colorTriggerBgColor>
                    <regexCodeList>
                        <string>'zabrahpdjatz'</string>
                    </regexCodeList>
                    <regexCodePropertyList>
                        <integer>0</integer>
                    </regexCodePropertyList>
                </Trigger>
                <Trigger isActive="yes" isFolder="no" isTempTrigger="no" isMultiline="no" isPerlSlashGOption="no" isColorizerTrigger="no" isFilterTrigger="no" isSoundTrigger="no" isColorTrigger="no" isColorTriggerFg="no" isColorTriggerBg="no">
                    <name>oculoinfra saugai =&gt; detect poison</name>
                    <script>local spell = matches[1]
local translation = &quot;detect poison&quot;

selectString(spell, 1)
replace(spell .. &quot; (&quot; .. translation .. &quot;)&quot; )</script>
                    <triggerType>0</triggerType>
                    <conditonLineDelta>0</conditonLineDelta>
                    <mStayOpen>0</mStayOpen>
                    <mCommand></mCommand>
                    <packageName></packageName>
                    <mFgColor>#ff0000</mFgColor>
                    <mBgColor>#ffff00</mBgColor>
                    <mSoundFile></mSoundFile>
                    <colorTriggerFgColor>#000000</colorTriggerFgColor>
                    <colorTriggerBgColor>#000000</colorTriggerBgColor>
                    <regexCodeList>
                        <string>'oculoinfra saugai'</string>
                    </regexCodeList>
                    <regexCodePropertyList>
                        <integer>0</integer>
                    </regexCodePropertyList>
                </Trigger>
                <Trigger isActive="yes" isFolder="no" isTempTrigger="no" isMultiline="no" isPerlSlashGOption="no" isColorizerTrigger="no" isFilterTrigger="no" isSoundTrigger="no" isColorTrigger="no" isColorTriggerFg="no" isColorTriggerBg="no">
                    <name>yufzbarr =&gt; fireball</name>
                    <script>local spell = matches[1]
local translation = &quot;fireball&quot;

selectString(spell, 1)
replace(spell .. &quot; (&quot; .. translation .. &quot;)&quot; )</script>
                    <triggerType>0</triggerType>
                    <conditonLineDelta>0</conditonLineDelta>
                    <mStayOpen>0</mStayOpen>
                    <mCommand></mCommand>
                    <packageName></packageName>
                    <mFgColor>#ff0000</mFgColor>
                    <mBgColor>#ffff00</mBgColor>
                    <mSoundFile></mSoundFile>
                    <colorTriggerFgColor>#000000</colorTriggerFgColor>
                    <colorTriggerBgColor>#000000</colorTriggerBgColor>
                    <regexCodeList>
                        <string>'yufzbarr'</string>
                    </regexCodeList>
                    <regexCodePropertyList>
                        <integer>0</integer>
                    </regexCodePropertyList>
                </Trigger>
                <Trigger isActive="yes" isFolder="no" isTempTrigger="no" isMultiline="no" isPerlSlashGOption="no" isColorizerTrigger="no" isFilterTrigger="no" isSoundTrigger="no" isColorTrigger="no" isColorTriggerFg="no" isColorTriggerBg="no">
                    <name>xahqp faaw =&gt; watch room</name>
                    <script>local spell = matches[1]
local translation = &quot;watch room&quot;

selectString(spell, 1)
replace(spell .. &quot; (&quot; .. translation .. &quot;)&quot; )</script>
                    <triggerType>0</triggerType>
                    <conditonLineDelta>0</conditonLineDelta>
                    <mStayOpen>0</mStayOpen>
                    <mCommand></mCommand>
                    <packageName></packageName>
                    <mFgColor>#ff0000</mFgColor>
                    <mBgColor>#ffff00</mBgColor>
                    <mSoundFile></mSoundFile>
                    <colorTriggerFgColor>#000000</colorTriggerFgColor>
                    <colorTriggerBgColor>#000000</colorTriggerBgColor>
                    <regexCodeList>
                        <string>'xahqp faaw'</string>
                    </regexCodeList>
                    <regexCodePropertyList>
                        <integer>0</integer>
                    </regexCodePropertyList>
                </Trigger>
                <Trigger isActive="yes" isFolder="no" isTempTrigger="no" isMultiline="no" isPerlSlashGOption="no" isColorizerTrigger="no" isFilterTrigger="no" isSoundTrigger="no" isColorTrigger="no" isColorTriggerFg="no" isColorTriggerBg="no">
                    <name>gunsogz ruyz =&gt; sense life</name>
                    <script>local spell = matches[1]
local translation = &quot;sense life&quot;

selectString(spell, 1)
replace(spell .. &quot; (&quot; .. translation .. &quot;)&quot; )</script>
                    <triggerType>0</triggerType>
                    <conditonLineDelta>0</conditonLineDelta>
                    <mStayOpen>0</mStayOpen>
                    <mCommand></mCommand>
                    <packageName></packageName>
                    <mFgColor>#ff0000</mFgColor>
                    <mBgColor>#ffff00</mBgColor>
                    <mSoundFile></mSoundFile>
                    <colorTriggerFgColor>#000000</colorTriggerFgColor>
                    <colorTriggerBgColor>#000000</colorTriggerBgColor>
                    <regexCodeList>
                        <string>'gunsogz ruyz'</string>
                    </regexCodeList>
                    <regexCodePropertyList>
                        <integer>0</integer>
                    </regexCodePropertyList>
                </Trigger>
                <Trigger isActive="yes" isFolder="no" isTempTrigger="no" isMultiline="no" isPerlSlashGOption="no" isColorizerTrigger="no" isFilterTrigger="no" isSoundTrigger="no" isColorTrigger="no" isColorTriggerFg="no" isColorTriggerBg="no">
                    <name>waouq wuggurz =&gt; magic missile</name>
                    <script>local spell = matches[1]
local translation = &quot;magic missile&quot;

selectString(spell, 1)
replace(spell .. &quot; (&quot; .. translation .. &quot;)&quot; )</script>
                    <triggerType>0</triggerType>
                    <conditonLineDelta>0</conditonLineDelta>
                    <mStayOpen>0</mStayOpen>
                    <mCommand></mCommand>
                    <packageName></packageName>
                    <mFgColor>#ff0000</mFgColor>
                    <mBgColor>#ffff00</mBgColor>
                    <mSoundFile></mSoundFile>
                    <colorTriggerFgColor>#000000</colorTriggerFgColor>
                    <colorTriggerBgColor>#000000</colorTriggerBgColor>
                    <regexCodeList>
                        <string>'waouq wuggurz'</string>
                    </regexCodeList>
                    <regexCodePropertyList>
                        <integer>0</integer>
                    </regexCodePropertyList>
                </Trigger>
                <Trigger isActive="yes" isFolder="no" isTempTrigger="no" isMultiline="no" isPerlSlashGOption="no" isColorizerTrigger="no" isFilterTrigger="no" isSoundTrigger="no" isColorTrigger="no" isColorTriggerFg="no" isColorTriggerBg="no">
                    <name>sfahzqhuai yfaw zzur =&gt; protection from evil</name>
                    <script>local spell = matches[1]
local translation = &quot;protection from evil&quot;

selectString(spell, 1)
replace(spell .. &quot; (&quot; .. translation .. &quot;)&quot; )</script>
                    <triggerType>0</triggerType>
                    <conditonLineDelta>0</conditonLineDelta>
                    <mStayOpen>0</mStayOpen>
                    <mCommand></mCommand>
                    <packageName></packageName>
                    <mFgColor>#ff0000</mFgColor>
                    <mBgColor>#ffff00</mBgColor>
                    <mSoundFile></mSoundFile>
                    <colorTriggerFgColor>#000000</colorTriggerFgColor>
                    <colorTriggerBgColor>#000000</colorTriggerBgColor>
                    <regexCodeList>
                        <string>'sfahzqhuai yfaw zzur'</string>
                    </regexCodeList>
                    <regexCodePropertyList>
                        <integer>0</integer>
                    </regexCodePropertyList>
                </Trigger>
                <Trigger isActive="yes" isFolder="no" isTempTrigger="no" isMultiline="no" isPerlSlashGOption="no" isColorizerTrigger="no" isFilterTrigger="no" isSoundTrigger="no" isColorTrigger="no" isColorTriggerFg="no" isColorTriggerBg="no">
                    <name>qfzahz yaae =&gt; create food</name>
                    <script>local spell = matches[1]
local translation = &quot;create food&quot;

selectString(spell, 1)
replace(spell .. &quot; (&quot; .. translation .. &quot;)&quot; )</script>
                    <triggerType>0</triggerType>
                    <conditonLineDelta>0</conditonLineDelta>
                    <mStayOpen>0</mStayOpen>
                    <mCommand></mCommand>
                    <packageName></packageName>
                    <mFgColor>#ff0000</mFgColor>
                    <mBgColor>#ffff00</mBgColor>
                    <mSoundFile></mSoundFile>
                    <colorTriggerFgColor>#000000</colorTriggerFgColor>
                    <colorTriggerBgColor>#000000</colorTriggerBgColor>
                    <regexCodeList>
                        <string>'qfzahz yaae'</string>
                    </regexCodeList>
                    <regexCodePropertyList>
                        <integer>0</integer>
                    </regexCodePropertyList>
                </Trigger>
                <Trigger isActive="yes" isFolder="no" isTempTrigger="no" isMultiline="no" isPerlSlashGOption="no" isColorizerTrigger="no" isFilterTrigger="no" isSoundTrigger="no" isColorTrigger="no" isColorTriggerFg="no" isColorTriggerBg="no">
                    <name>gpfaje =&gt; shroud</name>
                    <script>local spell = matches[1]
local translation = &quot;shroud&quot;

selectString(spell, 1)
replace(spell .. &quot; (&quot; .. translation .. &quot;)&quot; )</script>
                    <triggerType>0</triggerType>
                    <conditonLineDelta>0</conditonLineDelta>
                    <mStayOpen>0</mStayOpen>
                    <mCommand></mCommand>
                    <packageName></packageName>
                    <mFgColor>#ff0000</mFgColor>
                    <mBgColor>#ffff00</mBgColor>
                    <mSoundFile></mSoundFile>
                    <colorTriggerFgColor>#000000</colorTriggerFgColor>
                    <colorTriggerBgColor>#000000</colorTriggerBgColor>
                    <regexCodeList>
                        <string>'gpfaje'</string>
                    </regexCodeList>
                    <regexCodePropertyList>
                        <integer>0</integer>
                    </regexCodePropertyList>
                </Trigger>
                <Trigger isActive="yes" isFolder="no" isTempTrigger="no" isMultiline="no" isPerlSlashGOption="no" isColorizerTrigger="no" isFilterTrigger="no" isSoundTrigger="no" isColorTrigger="no" isColorTriggerFg="no" isColorTriggerBg="no">
                    <name>qahijf gsfal =&gt; colour spray</name>
                    <script>local spell = matches[1]
local translation = &quot;colour spray&quot;

selectString(spell, 1)
replace(spell .. &quot; (&quot; .. translation .. &quot;)&quot; )</script>
                    <triggerType>0</triggerType>
                    <conditonLineDelta>0</conditonLineDelta>
                    <mStayOpen>0</mStayOpen>
                    <mCommand></mCommand>
                    <packageName></packageName>
                    <mFgColor>#ff0000</mFgColor>
                    <mBgColor>#ffff00</mBgColor>
                    <mSoundFile></mSoundFile>
                    <colorTriggerFgColor>#000000</colorTriggerFgColor>
                    <colorTriggerBgColor>#000000</colorTriggerBgColor>
                    <regexCodeList>
                        <string>'qahijf gsfal'</string>
                    </regexCodeList>
                    <regexCodePropertyList>
                        <integer>0</integer>
                    </regexCodePropertyList>
                </Trigger>
                <Trigger isActive="yes" isFolder="no" isTempTrigger="no" isMultiline="no" isPerlSlashGOption="no" isColorizerTrigger="no" isFilterTrigger="no" isSoundTrigger="no" isColorTrigger="no" isColorTriggerFg="no" isColorTriggerBg="no">
                    <name>diesilla barh =&gt; lightning bolt</name>
                    <script>local spell = matches[1]
local translation = &quot;lightning bolt&quot;

selectString(spell, 1)
replace(spell .. &quot; (&quot; .. translation .. &quot;)&quot; )</script>
                    <triggerType>0</triggerType>
                    <conditonLineDelta>0</conditonLineDelta>
                    <mStayOpen>0</mStayOpen>
                    <mCommand></mCommand>
                    <packageName></packageName>
                    <mFgColor>#ff0000</mFgColor>
                    <mBgColor>#ffff00</mBgColor>
                    <mSoundFile></mSoundFile>
                    <colorTriggerFgColor>#000000</colorTriggerFgColor>
                    <colorTriggerBgColor>#000000</colorTriggerBgColor>
                    <regexCodeList>
                        <string>'diesilla barh'</string>
                    </regexCodeList>
                    <regexCodePropertyList>
                        <integer>0</integer>
                    </regexCodePropertyList>
                </Trigger>
                <Trigger isActive="yes" isFolder="no" isTempTrigger="no" isMultiline="no" isPerlSlashGOption="no" isColorizerTrigger="no" isFilterTrigger="no" isSoundTrigger="no" isColorTrigger="no" isColorTriggerFg="no" isColorTriggerBg="no">
                    <name>judifgz =&gt; curse</name>
                    <script>local spell = matches[1]
local translation = &quot;curse&quot;

selectString(spell, 1)
replace(spell .. &quot; (&quot; .. translation .. &quot;)&quot; )</script>
                    <triggerType>0</triggerType>
                    <conditonLineDelta>0</conditonLineDelta>
                    <mStayOpen>0</mStayOpen>
                    <mCommand></mCommand>
                    <packageName></packageName>
                    <mFgColor>#ff0000</mFgColor>
                    <mBgColor>#ffff00</mBgColor>
                    <mSoundFile></mSoundFile>
                    <colorTriggerFgColor>#000000</colorTriggerFgColor>
                    <colorTriggerBgColor>#000000</colorTriggerBgColor>
                    <regexCodeList>
                        <string>'judifgz'</string>
                    </regexCodeList>
                    <regexCodePropertyList>
                        <integer>0</integer>
                    </regexCodePropertyList>
                </Trigger>
                <Trigger isActive="yes" isFolder="no" isTempTrigger="no" isMultiline="no" isPerlSlashGOption="no" isColorizerTrigger="no" isFilterTrigger="no" isSoundTrigger="no" isColorTrigger="no" isColorTriggerFg="no" isColorTriggerBg="no">
                    <name>bfzahp ay bfugtizgg =&gt; breath of briskness</name>
                    <script>local spell = matches[1]
local translation = &quot;breath of briskness&quot;

selectString(spell, 1)
replace(spell .. &quot; (&quot; .. translation .. &quot;)&quot; )</script>
                    <triggerType>0</triggerType>
                    <conditonLineDelta>0</conditonLineDelta>
                    <mStayOpen>0</mStayOpen>
                    <mCommand></mCommand>
                    <packageName></packageName>
                    <mFgColor>#ff0000</mFgColor>
                    <mBgColor>#ffff00</mBgColor>
                    <mSoundFile></mSoundFile>
                    <colorTriggerFgColor>#000000</colorTriggerFgColor>
                    <colorTriggerBgColor>#000000</colorTriggerBgColor>
                    <regexCodeList>
                        <string>'bfzahp ay bfugtizgg'</string>
                    </regexCodeList>
                    <regexCodePropertyList>
                        <integer>0</integer>
                    </regexCodePropertyList>
                </Trigger>
                <Trigger isActive="yes" isFolder="no" isTempTrigger="no" isMultiline="no" isPerlSlashGOption="no" isColorizerTrigger="no" isFilterTrigger="no" isSoundTrigger="no" isColorTrigger="no" isColorTriggerFg="no" isColorTriggerBg="no">
                    <name>canduswazz saugai =&gt; remove poison</name>
                    <script>local spell = matches[1]
local translation = &quot;remove poison&quot;

selectString(spell, 1)
replace(spell .. &quot; (&quot; .. translation .. &quot;)&quot; )</script>
                    <triggerType>0</triggerType>
                    <conditonLineDelta>0</conditonLineDelta>
                    <mStayOpen>0</mStayOpen>
                    <mCommand></mCommand>
                    <packageName></packageName>
                    <mFgColor>#ff0000</mFgColor>
                    <mBgColor>#ffff00</mBgColor>
                    <mSoundFile></mSoundFile>
                    <colorTriggerFgColor>#000000</colorTriggerFgColor>
                    <colorTriggerBgColor>#000000</colorTriggerBgColor>
                    <regexCodeList>
                        <string>'canduswazz saugai'</string>
                    </regexCodeList>
                    <regexCodePropertyList>
                        <integer>0</integer>
                    </regexCodePropertyList>
                </Trigger>
                <Trigger isActive="yes" isFolder="no" isTempTrigger="no" isMultiline="no" isPerlSlashGOption="no" isColorizerTrigger="no" isFilterTrigger="no" isSoundTrigger="no" isColorTrigger="no" isColorTriggerFg="no" isColorTriggerBg="no">
                    <name>judicandus gzfuajg =&gt; cure serious</name>
                    <script>local spell = matches[1]
local translation = &quot;cure serious&quot;

selectString(spell, 1)
replace(spell .. &quot; (&quot; .. translation .. &quot;)&quot; )</script>
                    <triggerType>0</triggerType>
                    <conditonLineDelta>0</conditonLineDelta>
                    <mStayOpen>0</mStayOpen>
                    <mCommand></mCommand>
                    <packageName></packageName>
                    <mFgColor>#ff0000</mFgColor>
                    <mBgColor>#ffff00</mBgColor>
                    <mSoundFile></mSoundFile>
                    <colorTriggerFgColor>#000000</colorTriggerFgColor>
                    <colorTriggerBgColor>#000000</colorTriggerBgColor>
                    <regexCodeList>
                        <string>'judicandus gzfuajg'</string>
                    </regexCodeList>
                    <regexCodePropertyList>
                        <integer>0</integer>
                    </regexCodePropertyList>
                </Trigger>
                <Trigger isActive="yes" isFolder="no" isTempTrigger="no" isMultiline="no" isPerlSlashGOption="no" isColorizerTrigger="no" isFilterTrigger="no" isSoundTrigger="no" isColorTrigger="no" isColorTriggerFg="no" isColorTriggerBg="no">
                    <name>iuoph zuguai =&gt; night vision</name>
                    <script>local spell = matches[1]
local translation = &quot;night vision&quot;

selectString(spell, 1)
replace(spell .. &quot; (&quot; .. translation .. &quot;)&quot; )</script>
                    <triggerType>0</triggerType>
                    <conditonLineDelta>0</conditonLineDelta>
                    <mStayOpen>0</mStayOpen>
                    <mCommand></mCommand>
                    <packageName></packageName>
                    <mFgColor>#ff0000</mFgColor>
                    <mBgColor>#ffff00</mBgColor>
                    <mSoundFile></mSoundFile>
                    <colorTriggerFgColor>#000000</colorTriggerFgColor>
                    <colorTriggerBgColor>#000000</colorTriggerBgColor>
                    <regexCodeList>
                        <string>'iuoph zuguai'</string>
                    </regexCodeList>
                    <regexCodePropertyList>
                        <integer>0</integer>
                    </regexCodePropertyList>
                </Trigger>
                <Trigger isActive="yes" isFolder="no" isTempTrigger="no" isMultiline="no" isPerlSlashGOption="no" isColorizerTrigger="no" isFilterTrigger="no" isSoundTrigger="no" isColorTrigger="no" isColorTriggerFg="no" isColorTriggerBg="no">
                    <name>hiqahz waouq =&gt; locate magic</name>
                    <script>local spell = matches[1]
local translation = &quot;locate magic&quot;

selectString(spell, 1)
replace(spell .. &quot; (&quot; .. translation .. &quot;)&quot; )</script>
                    <triggerType>0</triggerType>
                    <conditonLineDelta>0</conditonLineDelta>
                    <mStayOpen>0</mStayOpen>
                    <mCommand></mCommand>
                    <packageName></packageName>
                    <mFgColor>#ff0000</mFgColor>
                    <mBgColor>#ffff00</mBgColor>
                    <mSoundFile></mSoundFile>
                    <colorTriggerFgColor>#000000</colorTriggerFgColor>
                    <colorTriggerBgColor>#000000</colorTriggerBgColor>
                    <regexCodeList>
                        <string>'hiqahz waouq'</string>
                    </regexCodeList>
                    <regexCodePropertyList>
                        <integer>0</integer>
                    </regexCodePropertyList>
                </Trigger>
                <Trigger isActive="yes" isFolder="no" isTempTrigger="no" isMultiline="no" isPerlSlashGOption="no" isColorizerTrigger="no" isFilterTrigger="no" isSoundTrigger="no" isColorTrigger="no" isColorTriggerFg="no" isColorTriggerBg="no">
                    <name>hiqahz ruyz =&gt; locate life</name>
                    <script>local spell = matches[1]
local translation = &quot;locate life&quot;

selectString(spell, 1)
replace(spell .. &quot; (&quot; .. translation .. &quot;)&quot; )</script>
                    <triggerType>0</triggerType>
                    <conditonLineDelta>0</conditonLineDelta>
                    <mStayOpen>0</mStayOpen>
                    <mCommand></mCommand>
                    <packageName></packageName>
                    <mFgColor>#ff0000</mFgColor>
                    <mBgColor>#ffff00</mBgColor>
                    <mSoundFile></mSoundFile>
                    <colorTriggerFgColor>#000000</colorTriggerFgColor>
                    <colorTriggerBgColor>#000000</colorTriggerBgColor>
                    <regexCodeList>
                        <string>'hiqahz ruyz'</string>
                    </regexCodeList>
                    <regexCodePropertyList>
                        <integer>0</integer>
                    </regexCodePropertyList>
                </Trigger>
                <Trigger isActive="yes" isFolder="no" isTempTrigger="no" isMultiline="no" isPerlSlashGOption="no" isColorizerTrigger="no" isFilterTrigger="no" isSoundTrigger="no" isColorTrigger="no" isColorTriggerFg="no" isColorTriggerBg="no">
                    <name>xafe ay candusqarr =&gt; word of recall</name>
                    <script>local spell = matches[1]
local translation = &quot;word of recall&quot;

selectString(spell, 1)
replace(spell .. &quot; (&quot; .. translation .. &quot;)&quot; )</script>
                    <triggerType>0</triggerType>
                    <conditonLineDelta>0</conditonLineDelta>
                    <mStayOpen>0</mStayOpen>
                    <mCommand></mCommand>
                    <packageName></packageName>
                    <mFgColor>#ff0000</mFgColor>
                    <mBgColor>#ffff00</mBgColor>
                    <mSoundFile></mSoundFile>
                    <colorTriggerFgColor>#000000</colorTriggerFgColor>
                    <colorTriggerBgColor>#000000</colorTriggerBgColor>
                    <regexCodeList>
                        <string>'xafe ay candusqarr'</string>
                    </regexCodeList>
                    <regexCodePropertyList>
                        <integer>0</integer>
                    </regexCodePropertyList>
                </Trigger>
                <Trigger isActive="yes" isFolder="no" isTempTrigger="no" isMultiline="no" isPerlSlashGOption="no" isColorizerTrigger="no" isFilterTrigger="no" isSoundTrigger="no" isColorTrigger="no" isColorTriggerFg="no" isColorTriggerBg="no">
                    <name>gqfl =&gt; scry</name>
                    <script>local spell = matches[1]
local translation = &quot;scry&quot;

selectString(spell, 1)
replace(spell .. &quot; (&quot; .. translation .. &quot;)&quot; )</script>
                    <triggerType>0</triggerType>
                    <conditonLineDelta>0</conditonLineDelta>
                    <mStayOpen>0</mStayOpen>
                    <mCommand></mCommand>
                    <packageName></packageName>
                    <mFgColor>#ff0000</mFgColor>
                    <mBgColor>#ffff00</mBgColor>
                    <mSoundFile></mSoundFile>
                    <colorTriggerFgColor>#000000</colorTriggerFgColor>
                    <colorTriggerBgColor>#000000</colorTriggerBgColor>
                    <regexCodeList>
                        <string>'gqfl'</string>
                    </regexCodeList>
                    <regexCodePropertyList>
                        <integer>0</integer>
                    </regexCodePropertyList>
                </Trigger>
            </TriggerGroup>
        </TriggerGroup>
    </TriggerPackage>
    <TimerPackage/>
    <AliasPackage>
        <AliasGroup isActive="yes" isFolder="yes">
            <name>MUME</name>
            <script></script>
            <command></command>
            <packageName>current</packageName>
            <regex></regex>
            <AliasGroup isActive="yes" isFolder="yes">
                <name>Spell Translator</name>
                <script></script>
                <command></command>
                <packageName></packageName>
                <regex></regex>
                <Alias isActive="yes" isFolder="no">
                    <name>spell translator help</name>
                    <script>echo(spell_translator.help)</script>
                    <command></command>
                    <packageName></packageName>
                    <regex>^spell translator help$</regex>
                </Alias>
                <Alias isActive="yes" isFolder="no">
                    <name>spell translator make triggers</name>
                    <script>spell_translator.make_triggers()</script>
                    <command></command>
                    <packageName></packageName>
                    <regex>^spell translator make triggers$</regex>
                </Alias>
            </AliasGroup>
        </AliasGroup>
    </AliasPackage>
    <ActionPackage/>
    <ScriptPackage>
        <ScriptGroup isActive="yes" isFolder="yes">
            <name>MUME</name>
            <packageName>current</packageName>
            <script></script>
            <eventHandlerList/>
            <ScriptGroup isActive="yes" isFolder="yes">
                <name>Spell Translator</name>
                <packageName></packageName>
                <script>spell_translator = spell_translator or {}



</script>
                <eventHandlerList/>
                <Script isActive="yes" isFolder="no">
                    <name>README</name>
                    <packageName></packageName>
                    <script>spell_translator.help = [[
Spell Translator: Understand Strange Incantations

This package contains triggers that translate spells when someone casts and your character doesn't know the spell. If needed, you can regenerate the triggers with the alias &quot;spell translator make triggers&quot;. 

The commands are as follows:
- spell translator help : Show this message.
- spell translator make triggers : Recreate the triggers. You must delete the old ones first and recreate the &quot;Spell Translator&quot; group.

Changelog:
- 1.0, 2015-2-7
  - Initial release.

Author: Octavia
Thanks: Devastator for the original translations
]]</script>
                    <eventHandlerList/>
                </Script>
                <Script isActive="yes" isFolder="no">
                    <name>Constants</name>
                    <packageName></packageName>
                    <script>spell_translator.name = &quot;Spell Translator&quot;

spell_translator.translations = {
	[&quot;abrawajf&quot;] = &quot;armour&quot;,
	[&quot;bfzahp ay bfugtizgg&quot;] = &quot;breath of briskness&quot;,
	[&quot;bfzat eaaf&quot;] = &quot;break door&quot;,
	[&quot;braqt bfzahp&quot;] = &quot;black breath&quot;,
	[&quot;braqt eaaf&quot;] = &quot;block door&quot;,
	[&quot;canduswazz judifgz&quot;] = &quot;remove curse&quot;,
	[&quot;canduswazz saugai&quot;] = &quot;remove poison&quot;,
	[&quot;diesilla barh&quot;] = &quot;lightning bolt&quot;,
	[&quot;eabratizgg&quot;] = &quot;darkness&quot;,
	[&quot;eugszr waouq&quot;] = &quot;dispel magic&quot;,
	[&quot;eugszr zzur&quot;] = &quot;dispel evil&quot;,
	[&quot;euzuiahuai&quot;] = &quot;divination&quot;,
	[&quot;fido&quot;] = &quot;bless&quot;,
	[&quot;gaiqhjabral&quot;] = &quot;sanctuary&quot;,
	[&quot;ghafz&quot;] = &quot;store&quot;,
	[&quot;ghcandusiohp&quot;] = &quot;strength&quot;,
	[&quot;gjwwai&quot;] = &quot;summon&quot;,
	[&quot;gpaqtuio ofags&quot;] = &quot;shocking grasp&quot;,
	[&quot;gpfaje&quot;] = &quot;shroud&quot;,
	[&quot;gpuzre&quot;] = &quot;shield&quot;,
	[&quot;gqfl&quot;] = &quot;scry&quot;,
	[&quot;gruugz oculoae&quot;] = &quot;raise dead&quot;,
	[&quot;grzzs&quot;] = &quot;sleep&quot;,
	[&quot;gunsogz ruyz&quot;] = &quot;sense life&quot;,
	[&quot;gurunsoqz&quot;] = &quot;silence&quot;,
	[&quot;hgruigyzf&quot;] = &quot;transfer&quot;,
	[&quot;hiqahz&quot;] = &quot;locate&quot;,
	[&quot;hiqahz ruyz&quot;] = &quot;locate life&quot;,
	[&quot;hiqahz waouq&quot;] = &quot;locate magic&quot;,
	[&quot;hzrzsafh&quot;] = &quot;teleport&quot;,
	[&quot;iuoph zuguai&quot;] = &quot;night vision&quot;,
	[&quot;judicandus dies&quot;] = &quot;cure light&quot;,
	[&quot;judicandus gzfuajg&quot;] = &quot;cure serious&quot;,
	[&quot;judicandus noselacri&quot;] = &quot;cure blindness&quot;,
	[&quot;judicandus qfuhuq&quot;] = &quot;cure critic&quot;,
	[&quot;judifgz&quot;] = &quot;curse&quot;,
	[&quot;mosailla paieg&quot;] = &quot;burning hands&quot;,
	[&quot;noselacri&quot;] = &quot;blindness&quot;,
	[&quot;oculoinfra saugai&quot;] = &quot;detect poison&quot;,
	[&quot;oculoinfra uizuguburuhl&quot;] = &quot;detect invisibility&quot;,
	[&quot;oculoinfra waouq&quot;] = &quot;detect magic&quot;,
	[&quot;oculoinfra zzur&quot;] = &quot;detect evil&quot;,
	[&quot;pabraw&quot;] = &quot;harm&quot;,
	[&quot;pare&quot;] = &quot;hold&quot;,
	[&quot;pzar&quot;] = &quot;heal&quot;,
	[&quot;qahijf gsfal&quot;] = &quot;colour spray&quot;,
	[&quot;qaihfar xzahpzf&quot;] = &quot;control weather&quot;,
	[&quot;qarr diesilla&quot;] = &quot;call lightning&quot;,
	[&quot;qfzahz dies&quot;] = &quot;create light&quot;,
	[&quot;qfzahz xahzf&quot;] = &quot;create water&quot;,
	[&quot;qfzahz yaae&quot;] = &quot;create food&quot;,
	[&quot;qpabraw&quot;] = &quot;charm&quot;,
	[&quot;qpurr hajqp&quot;] = &quot;chill touch&quot;,
	[&quot;safhar&quot;] = &quot;\033[1m\033[37m!portal!\033[0m&quot;,
	[&quot;saugai&quot;] = &quot;poison&quot;,
	[&quot;sfahzqhuai yfaw zzur&quot;] = &quot;protection from evil&quot;,
	[&quot;unsoqpaih&quot;] = &quot;enchant&quot;,
	[&quot;unsozfol efaui&quot;] = &quot;energy drain&quot;,
	[&quot;uoculoihuyl&quot;] = &quot;identify&quot;,
	[&quot;waouq bragh&quot;] = &quot;magic blast&quot;,
	[&quot;waouq wuggurz&quot;] = &quot;magic missile&quot;,
	[&quot;xafe ay candusqarr&quot;] = &quot;word of recall&quot;,
	[&quot;xahqp faaw&quot;] = &quot;watch room&quot;,
	[&quot;yufzbarr&quot;] = &quot;fireball&quot;,
	[&quot;yuie hpz sahp&quot;] = &quot;find the path&quot;,
	[&quot;yzabra&quot;] = &quot;fear&quot;,
	[&quot;zabrahpdjatz&quot;] = &quot;earthquake&quot;,
}</script>
                    <eventHandlerList/>
                </Script>
                <Script isActive="yes" isFolder="no">
                    <name>make_triggers</name>
                    <packageName></packageName>
                    <script>function spell_translator.make_triggers()
	if exists(spell_translator.name, &quot;trigger&quot;) == 0 then
		echo(&quot;Spell Translator: Error: Trigger group '&quot; .. spell_translator.name .. &quot;' doesn't exist; please create it.\n&quot;)
		return
	end

	for key, value in pairs(spell_translator.translations) do
		local trigger_name = key .. &quot; =&gt; &quot; .. value
		echo(&quot;Creating: &quot; .. trigger_name .. &quot;\n&quot;)

		if exists(trigger_name, &quot;trigger&quot;) == 0 then
			local trigger_pattern = { &quot;'&quot; .. key .. &quot;'&quot; }
			local trigger_code = spell_translator.make_trigger_code(value)

			permSubstringTrigger(trigger_name, spell_translator.name, trigger_pattern, trigger_code)
		end
	end
end</script>
                    <eventHandlerList/>
                </Script>
                <Script isActive="yes" isFolder="no">
                    <name>make_trigger_code</name>
                    <packageName></packageName>
                    <script>function spell_translator.make_trigger_code(translation)
	local result =
[[local spell = matches[1]
local translation = &quot;]] .. translation .. [[&quot;

selectString(spell, 1)
replace(spell .. &quot; (&quot; .. translation .. &quot;)&quot; )]]
	return result
end</script>
                    <eventHandlerList/>
                </Script>
            </ScriptGroup>
        </ScriptGroup>
    </ScriptPackage>
    <KeyPackage/>
</MudletPackage>
