<?xml version="1.0" encoding="UTF-8"?>
<!DOCTYPE MudletPackage>
<MudletPackage version="1.0">
    <TriggerPackage>
        <TriggerGroup isActive="yes" isFolder="yes" isTempTrigger="no" isMultiline="no" isPerlSlashGOption="no" isColorizerTrigger="no" isFilterTrigger="no" isSoundTrigger="no" isColorTrigger="no" isColorTriggerFg="no" isColorTriggerBg="no">
            <name>MUME</name>
            <script></script>
            <triggerType>0</triggerType>
            <conditonLineDelta>0</conditonLineDelta>
            <mStayOpen>0</mStayOpen>
            <mCommand></mCommand>
            <packageName>current</packageName>
            <mFgColor>#ff0000</mFgColor>
            <mBgColor>#ffff00</mBgColor>
            <mSoundFile></mSoundFile>
            <colorTriggerFgColor>#000000</colorTriggerFgColor>
            <colorTriggerBgColor>#000000</colorTriggerBgColor>
            <regexCodeList/>
            <regexCodePropertyList/>
            <TriggerGroup isActive="yes" isFolder="yes" isTempTrigger="no" isMultiline="no" isPerlSlashGOption="no" isColorizerTrigger="no" isFilterTrigger="no" isSoundTrigger="no" isColorTrigger="no" isColorTriggerFg="no" isColorTriggerBg="no">
                <name>Group</name>
                <script></script>
                <triggerType>0</triggerType>
                <conditonLineDelta>0</conditonLineDelta>
                <mStayOpen>0</mStayOpen>
                <mCommand></mCommand>
                <packageName></packageName>
                <mFgColor>#ff0000</mFgColor>
                <mBgColor>#ffff00</mBgColor>
                <mSoundFile></mSoundFile>
                <colorTriggerFgColor>#000000</colorTriggerFgColor>
                <colorTriggerBgColor>#000000</colorTriggerBgColor>
                <regexCodeList/>
                <regexCodePropertyList/>
                <TriggerGroup isActive="yes" isFolder="yes" isTempTrigger="no" isMultiline="no" isPerlSlashGOption="no" isColorizerTrigger="no" isFilterTrigger="no" isSoundTrigger="no" isColorTrigger="no" isColorTriggerFg="no" isColorTriggerBg="no">
                    <name>Follower</name>
                    <script></script>
                    <triggerType>0</triggerType>
                    <conditonLineDelta>0</conditonLineDelta>
                    <mStayOpen>0</mStayOpen>
                    <mCommand></mCommand>
                    <packageName></packageName>
                    <mFgColor>#ff0000</mFgColor>
                    <mBgColor>#ffff00</mBgColor>
                    <mSoundFile></mSoundFile>
                    <colorTriggerFgColor>#000000</colorTriggerFgColor>
                    <colorTriggerBgColor>#000000</colorTriggerBgColor>
                    <regexCodeList/>
                    <regexCodePropertyList/>
                    <Trigger isActive="yes" isFolder="no" isTempTrigger="no" isMultiline="no" isPerlSlashGOption="no" isColorizerTrigger="no" isFilterTrigger="no" isSoundTrigger="no" isColorTrigger="no" isColorTriggerFg="no" isColorTriggerBg="no">
                        <name>Disband Group when Requesting</name>
                        <script>send(&quot;group self&quot;)</script>
                        <triggerType>0</triggerType>
                        <conditonLineDelta>0</conditonLineDelta>
                        <mStayOpen>0</mStayOpen>
                        <mCommand></mCommand>
                        <packageName></packageName>
                        <mFgColor>#ff0000</mFgColor>
                        <mBgColor>#ffff00</mBgColor>
                        <mSoundFile></mSoundFile>
                        <colorTriggerFgColor>#000000</colorTriggerFgColor>
                        <colorTriggerBgColor>#000000</colorTriggerBgColor>
                        <regexCodeList>
                            <string>You raise your hand.</string>
                        </regexCodeList>
                        <regexCodePropertyList>
                            <integer>3</integer>
                        </regexCodePropertyList>
                    </Trigger>
                    <Trigger isActive="yes" isFolder="no" isTempTrigger="no" isMultiline="no" isPerlSlashGOption="no" isColorizerTrigger="no" isFilterTrigger="no" isSoundTrigger="no" isColorTrigger="no" isColorTriggerFg="no" isColorTriggerBg="no">
                        <name>Set Leader</name>
                        <script>group.leader = matches[2]</script>
                        <triggerType>0</triggerType>
                        <conditonLineDelta>0</conditonLineDelta>
                        <mStayOpen>0</mStayOpen>
                        <mCommand></mCommand>
                        <packageName></packageName>
                        <mFgColor>#ff0000</mFgColor>
                        <mBgColor>#ffff00</mBgColor>
                        <mSoundFile></mSoundFile>
                        <colorTriggerFgColor>#000000</colorTriggerFgColor>
                        <colorTriggerBgColor>#000000</colorTriggerBgColor>
                        <regexCodeList>
                            <string>^You now follow (.+)\.$</string>
                        </regexCodeList>
                        <regexCodePropertyList>
                            <integer>1</integer>
                        </regexCodePropertyList>
                    </Trigger>
                    <Trigger isActive="yes" isFolder="no" isTempTrigger="no" isMultiline="no" isPerlSlashGOption="no" isColorizerTrigger="no" isFilterTrigger="no" isSoundTrigger="no" isColorTrigger="no" isColorTriggerFg="no" isColorTriggerBg="no">
                        <name>Leader Dismounts</name>
                        <script>if matches[2] == group.leader then
	send(&quot;lead&quot;)
end</script>
                        <triggerType>0</triggerType>
                        <conditonLineDelta>0</conditonLineDelta>
                        <mStayOpen>0</mStayOpen>
                        <mCommand></mCommand>
                        <packageName></packageName>
                        <mFgColor>#ff0000</mFgColor>
                        <mBgColor>#ffff00</mBgColor>
                        <mSoundFile></mSoundFile>
                        <colorTriggerFgColor>#000000</colorTriggerFgColor>
                        <colorTriggerBgColor>#000000</colorTriggerBgColor>
                        <regexCodeList>
                            <string>^(.+) dismounts from (.+), and stops riding him.$</string>
                        </regexCodeList>
                        <regexCodePropertyList>
                            <integer>1</integer>
                        </regexCodePropertyList>
                    </Trigger>
                    <Trigger isActive="yes" isFolder="no" isTempTrigger="no" isMultiline="no" isPerlSlashGOption="no" isColorizerTrigger="no" isFilterTrigger="no" isSoundTrigger="no" isColorTrigger="no" isColorTriggerFg="no" isColorTriggerBg="no">
                        <name>Leader Mounts</name>
                        <script>if matches[2] == group.leader then
	send(&quot;ride&quot;)
end</script>
                        <triggerType>0</triggerType>
                        <conditonLineDelta>0</conditonLineDelta>
                        <mStayOpen>0</mStayOpen>
                        <mCommand></mCommand>
                        <packageName></packageName>
                        <mFgColor>#ff0000</mFgColor>
                        <mBgColor>#ffff00</mBgColor>
                        <mSoundFile></mSoundFile>
                        <colorTriggerFgColor>#000000</colorTriggerFgColor>
                        <colorTriggerBgColor>#000000</colorTriggerBgColor>
                        <regexCodeList>
                            <string>^(.+) picks up (.+) reins and starts riding him\.$</string>
                        </regexCodeList>
                        <regexCodePropertyList>
                            <integer>1</integer>
                        </regexCodePropertyList>
                    </Trigger>
                </TriggerGroup>
                <TriggerGroup isActive="yes" isFolder="yes" isTempTrigger="no" isMultiline="no" isPerlSlashGOption="no" isColorizerTrigger="no" isFilterTrigger="no" isSoundTrigger="no" isColorTrigger="no" isColorTriggerFg="no" isColorTriggerBg="no">
                    <name>Leader</name>
                    <script></script>
                    <triggerType>0</triggerType>
                    <conditonLineDelta>0</conditonLineDelta>
                    <mStayOpen>0</mStayOpen>
                    <mCommand></mCommand>
                    <packageName></packageName>
                    <mFgColor>#ff0000</mFgColor>
                    <mBgColor>#ffff00</mBgColor>
                    <mSoundFile></mSoundFile>
                    <colorTriggerFgColor>#000000</colorTriggerFgColor>
                    <colorTriggerBgColor>#000000</colorTriggerBgColor>
                    <regexCodeList/>
                    <regexCodePropertyList/>
                    <Trigger isActive="yes" isFolder="no" isTempTrigger="no" isMultiline="no" isPerlSlashGOption="no" isColorizerTrigger="no" isFilterTrigger="no" isSoundTrigger="no" isColorTrigger="no" isColorTriggerFg="no" isColorTriggerBg="no">
                        <name>Autogroup</name>
                        <script>send(&quot;group &quot; .. matches[2])</script>
                        <triggerType>0</triggerType>
                        <conditonLineDelta>0</conditonLineDelta>
                        <mStayOpen>0</mStayOpen>
                        <mCommand></mCommand>
                        <packageName></packageName>
                        <mFgColor>#ff0000</mFgColor>
                        <mBgColor>#ffff00</mBgColor>
                        <mSoundFile></mSoundFile>
                        <colorTriggerFgColor>#000000</colorTriggerFgColor>
                        <colorTriggerBgColor>#000000</colorTriggerBgColor>
                        <regexCodeList>
                            <string>^(.+) raises (.+) hand\.$</string>
                        </regexCodeList>
                        <regexCodePropertyList>
                            <integer>1</integer>
                        </regexCodePropertyList>
                    </Trigger>
                </TriggerGroup>
            </TriggerGroup>
        </TriggerGroup>
    </TriggerPackage>
    <TimerPackage/>
    <AliasPackage>
        <AliasGroup isActive="yes" isFolder="yes">
            <name>MUME</name>
            <script></script>
            <command></command>
            <packageName>current</packageName>
            <regex></regex>
            <AliasGroup isActive="yes" isFolder="yes">
                <name>Group</name>
                <script></script>
                <command></command>
                <packageName></packageName>
                <regex></regex>
                <Alias isActive="yes" isFolder="no">
                    <name>autogroup on</name>
                    <script>enableTrigger(&quot;Autogroup&quot;)
echo(&quot;Autogroup enabled.\n&quot;)</script>
                    <command></command>
                    <packageName></packageName>
                    <regex>^ *autogroup +on *$</regex>
                </Alias>
                <Alias isActive="yes" isFolder="no">
                    <name>autogroup off</name>
                    <script>disableTrigger(&quot;Autogroup&quot;)
echo(&quot;Autogroup disabled.\n&quot;)</script>
                    <command></command>
                    <packageName></packageName>
                    <regex>^ *autogroup +off *$</regex>
                </Alias>
                <Alias isActive="yes" isFolder="no">
                    <name>group help</name>
                    <script>echo(group.help)</script>
                    <command></command>
                    <packageName></packageName>
                    <regex>^ *group *help *$</regex>
                </Alias>
            </AliasGroup>
        </AliasGroup>
    </AliasPackage>
    <ActionPackage/>
    <ScriptPackage>
        <ScriptGroup isActive="yes" isFolder="yes">
            <name>MUME</name>
            <packageName>current</packageName>
            <script></script>
            <eventHandlerList/>
            <ScriptGroup isActive="yes" isFolder="yes">
                <name>Group</name>
                <packageName></packageName>
                <script>group = group or {}</script>
                <eventHandlerList/>
                <Script isActive="yes" isFolder="no">
                    <name>README</name>
                    <packageName></packageName>
                    <script>group.help = [[
Group
Author: Octavia
Version: 1.0
Changelog:
- 1.0, 2015-2-10
  - Initial release.

This package contains very basic functionality for operating in a group as a leader and as a follower. With this package, when you raise your hand you disband your group. This can be disabled under Triggers in the Script Editor. Also with this package, if you follow someone they will be set internally as the leader, and you will automatically lead/ride when the leader leads/rides. Final this package supports automatically grouping people who raise their hands.

The commands are as follows:
- group help : Show this message.
- autogroup on : Allow people to add themselves to your group by raising their hand.
- autogroup off : Disable autogroup.
]]</script>
                    <eventHandlerList/>
                </Script>
            </ScriptGroup>
        </ScriptGroup>
    </ScriptPackage>
    <KeyPackage/>
</MudletPackage>
