<?xml version="1.0" encoding="UTF-8"?>
<!DOCTYPE MudletPackage>
<MudletPackage version="1.0">
    <TriggerPackage/>
    <TimerPackage>
        <TimerGroup isActive="yes" isFolder="yes" isTempTimer="no" isOffsetTimer="no">
            <name>MUME</name>
            <script></script>
            <command></command>
            <packageName>current</packageName>
            <time>00:00:00.000</time>
            <TimerGroup isActive="yes" isFolder="yes" isTempTimer="no" isOffsetTimer="no">
                <name>Random Runes</name>
                <script></script>
                <command></command>
                <packageName></packageName>
                <time>00:00:05.000</time>
                <Timer isActive="yes" isFolder="no" isTempTimer="no" isOffsetTimer="no">
                    <name>Check for New Runes</name>
                    <script>random_runes.download()</script>
                    <command></command>
                    <packageName></packageName>
                    <time>00:30:00.000</time>
                </Timer>
            </TimerGroup>
        </TimerGroup>
    </TimerPackage>
    <AliasPackage>
        <AliasGroup isActive="yes" isFolder="yes">
            <name>MUME</name>
            <script></script>
            <command></command>
            <packageName>current</packageName>
            <regex></regex>
            <AliasGroup isActive="yes" isFolder="yes">
                <name>Random Runes</name>
                <script></script>
                <command></command>
                <packageName></packageName>
                <regex></regex>
                <Alias isActive="yes" isFolder="no">
                    <name>show random runes (rr)</name>
                    <script>local count = random_runes.default_count
if #matches == 2 then
	count = tonumber(matches[2])
end
random_runes.count = count
random_runes.download_and_show()</script>
                    <command></command>
                    <packageName></packageName>
                    <regex>^ *rr( +\d*)? *$</regex>
                </Alias>
                <Alias isActive="yes" isFolder="no">
                    <name>random runes help</name>
                    <script>echo(random_runes.help)</script>
                    <command></command>
                    <packageName></packageName>
                    <regex>^ *random *runes *help *$</regex>
                </Alias>
                <Alias isActive="yes" isFolder="no">
                    <name>random runes set max &lt;number&gt;</name>
                    <script>local value = tonumber(matches[2])
random_runes.max = value
echo(&quot;Ok.\n&quot;)</script>
                    <command></command>
                    <packageName></packageName>
                    <regex>^ *random *runes *set *max +(.+)$</regex>
                </Alias>
                <Alias isActive="yes" isFolder="no">
                    <name>random runes set count &lt;number&gt;</name>
                    <script>local value = tonumber(matches[2])
random_runes.default_count = value
echo(&quot;Ok.\n&quot;)</script>
                    <command></command>
                    <packageName></packageName>
                    <regex>^ *random *runes *set *count +(.+)$</regex>
                </Alias>
                <Alias isActive="yes" isFolder="no">
                    <name>random runes set colour &lt;name&gt;</name>
                    <script>local value = tonumber(matches[2])
random_runes.colour = value
echo(&quot;Ok.\n&quot;)</script>
                    <command></command>
                    <packageName></packageName>
                    <regex>^ *random *runes *set *colour +(.+)$</regex>
                </Alias>
                <Alias isActive="yes" isFolder="no">
                    <name>random runes show colours</name>
                    <script>showColors()</script>
                    <command></command>
                    <packageName></packageName>
                    <regex>^random *runes *show *colours *$</regex>
                </Alias>
            </AliasGroup>
        </AliasGroup>
    </AliasPackage>
    <ActionPackage/>
    <ScriptPackage>
        <ScriptGroup isActive="yes" isFolder="yes">
            <name>MUME</name>
            <packageName>current</packageName>
            <script></script>
            <eventHandlerList/>
            <ScriptGroup isActive="yes" isFolder="yes">
                <name>Packages</name>
                <packageName></packageName>
                <script>packages = packages or { list = {} }</script>
                <eventHandlerList/>
                <Script isActive="yes" isFolder="no">
                    <name>initialize</name>
                    <packageName></packageName>
                    <script>function packages.initialize(name, initialize_function)
	local package = {}

	local dirname = packages.get_folder(name)
	local filename = packages.get_table(name)

	packages.list[name] = package

	if io.exists(filename) then
		cecho(&quot;&lt;cyan&gt;[ USER ]  - &lt;grey&gt;Loading &quot; .. name .. &quot; ...\n&quot;)

		table.load(filename, package)
	else
		cecho(&quot;&lt;cyan&gt;[ USER ]  - &lt;grey&gt;Initializing &quot; .. name .. &quot; ...\n&quot;)

		packages.mkdir(dirname)

		package.package_name = name
		package.package_folder = dirname
		package.package_table = filename

		initialize_function(package)
	end

	return package
end</script>
                    <eventHandlerList/>
                </Script>
                <Script isActive="yes" isFolder="no">
                    <name>get_folder</name>
                    <packageName></packageName>
                    <script>function packages.get_folder(name)
	return getMudletHomeDir() .. &quot;/&quot; .. name
end</script>
                    <eventHandlerList/>
                </Script>
                <Script isActive="yes" isFolder="no">
                    <name>get_table</name>
                    <packageName></packageName>
                    <script>function packages.get_table(name)
	local dirname = packages.get_folder(name)
	return dirname .. &quot;/table.lua&quot;
end</script>
                    <eventHandlerList/>
                </Script>
                <Script isActive="yes" isFolder="no">
                    <name>mkdir</name>
                    <packageName></packageName>
                    <script>function packages.mkdir(dirname)
	local replace = string.gsub(dirname, &quot;\\&quot;, &quot;/&quot;)
	local split = string.split(replace, &quot;/&quot;)

	local path = &quot;&quot;	
	for index, dir in ipairs(split) do
		path = path .. dir .. &quot;/&quot;
		if not io.exists(path) then
			lfs.mkdir(path)
		end
	end
end</script>
                    <eventHandlerList/>
                </Script>
                <Script isActive="yes" isFolder="no">
                    <name>packages.save</name>
                    <packageName></packageName>
                    <script>function packages.save()
	for name, package in pairs(packages.list) do
		cecho(&quot;&lt;cyan&gt;[ USER ]  - &lt;grey&gt;Saving &quot; .. package.package_name .. &quot; ...\n&quot;)
		packages.mkdir(package.package_folder)
		table.save(package.package_table, package)
	end
end</script>
                    <eventHandlerList>
                        <string>sysExitEvent</string>
                    </eventHandlerList>
                </Script>
            </ScriptGroup>
            <ScriptGroup isActive="yes" isFolder="yes">
                <name>Random Runes</name>
                <packageName></packageName>
                <script>random_runes = random_runes or packages.initialize(&quot;Random Runes&quot;, initialize_random_runes)

random_runes.count = 5

random_runes.local_filename = getMudletHomeDir() .. &quot;/random_runes.html&quot;
random_runes.address = &quot;http://www.elvenrunes.de/cgi-bin/logs/guest.m?start=0&amp;omode=&amp;caller=1&amp;typ=&quot;

random_runes.garbage = {
	&quot;&quot;,
	&quot; &quot;,
	&quot;&amp;nbsp&quot;,
	&quot;logs&quot;,
	&quot;Name&quot;,
	&quot;Number of entries&quot;,
	&quot;RandomRunes:&quot;,
	&quot;Random Runes is &quot;,
	&quot;not for logs&quot;,
	&quot; A { text-decoration: none; color: black;} A:hover {text-decoration: underline; color: #006633}&quot;,
	&quot;! If you want to post a log, even a short one, please upload it to one of the log sections!&quot;,
}</script>
                <eventHandlerList/>
                <Script isActive="yes" isFolder="no">
                    <name>README</name>
                    <packageName></packageName>
                    <script>random_runes.help = [[
Random Runes
Author: Octavia
Version: 1.0
Changelog:
- 1.0, 2015-2-10
  - Initial release.

This package downloads and displays Random Runes from Elven Runes (elvenrunes.com), a Tolkien and MUME fansite. There is also a timer included that regularly checks for new Random Runes and displays them (default every 30 minutes, see Timers in the Script Editor to change this).

The commands are as follows:
- random runes help : Show this message.
- random runes set max &lt;number&gt; : Set the maximum number of messages to display at a time when checking for new runes.
- random runes set count &lt;number&gt; : Set the default number of messages to display when showing runes maually (rr).
- random runes set colour &lt;colour&gt; : Set the colour to use when displaying runes.
- random runes show colours : Show the available colours.
- rr : Download and display Random Runes.
- rr &lt;number&gt; : Show the given number of runes.
]]</script>
                    <eventHandlerList/>
                </Script>
                <Script isActive="yes" isFolder="no">
                    <name>download</name>
                    <packageName></packageName>
                    <script>function random_runes.download()
	downloadFile(random_runes.local_filename, random_runes.address)
end</script>
                    <eventHandlerList/>
                </Script>
                <Script isActive="yes" isFolder="no">
                    <name>random_runes.parse</name>
                    <packageName></packageName>
                    <script>function random_runes.parse(_, filename)
	local lines = {}
	for line in io.lines(filename) do
		line = string.gsub(line, &quot;&lt;.-&gt;&quot;, &quot;\n&quot;)
		line = string.gsub(line, &quot;&amp;nbsp;&quot;, &quot;&quot;)

		local split = string.split(line, &quot;\n&quot;)

		for index, line in ipairs(split) do
			if not random_runes.is_garbage(line) then
				table.insert(lines, line)
			end
		end
	end
	random_runes.last_runes = random_runes.random_runes
	random_runes.random_runes = {}
	for index, line in ipairs(lines) do
		if string.match(line, &quot;../../..&quot;) ~= nil then
			local next_line = lines[index + 1]
			local offset = 1
			local random_rune = { line }
			while next_line ~= nil and string.match(next_line, &quot;../../..&quot;) == nil do
				next_line = string.gsub(next_line, &quot;\r&quot;, &quot;&quot;)
				table.insert(random_rune, next_line)
				offset = offset + 1
				next_line = lines[index + offset]
			end
			table.insert(random_runes.random_runes, random_rune)
		end
	end
	if random_runes.show_runes then
		random_runes.show(random_runes.count)
		random_runes.show_runes = false
	else
		local diff = random_runes.diff(random_runes.random_runes, random_runes.last_runes)
		if diff &gt; 0 then
			local count = math.min(random_runes.max, diff)
			random_runes.show(count)
		end
	end
	os.remove(filename)
end</script>
                    <eventHandlerList>
                        <string>sysDownloadDone</string>
                    </eventHandlerList>
                </Script>
                <Script isActive="yes" isFolder="no">
                    <name>show</name>
                    <packageName></packageName>
                    <script>function random_runes.show(count)
	local colour = &quot;&lt;&quot; .. random_runes.colour .. &quot;&gt;&quot;
	cecho(colour .. &quot;Showing &quot; .. count .. &quot; entries:&lt;grey&gt;\n\n&quot;)
	for index = 1, count do
		local rune = random_runes.random_runes[count - index + 1]
		cecho(colour .. rune[1] .. &quot; &quot; .. rune[2] .. &quot;&lt;grey&gt;\n&quot;)
		for rune_index = 3, #rune do
			cecho(&quot;&lt;&quot; .. random_runes.colour .. &quot;&gt;&quot; .. rune[rune_index] .. &quot;&lt;grey&gt;\n&quot;)
		end
		if index ~= count then
			cecho(colour .. &quot;\n---&lt;grey&gt;\n\n&quot;)
		else
			echo(&quot;\n&quot;)
		end
	end
end</script>
                    <eventHandlerList/>
                </Script>
                <Script isActive="yes" isFolder="no">
                    <name>is_garbage</name>
                    <packageName></packageName>
                    <script>function random_runes.is_garbage(line)
	for index, garbage in ipairs(random_runes.garbage) do
		if line == garbage then
			return true
		end
	end

	return false
end</script>
                    <eventHandlerList/>
                </Script>
                <Script isActive="yes" isFolder="no">
                    <name>download_and_show</name>
                    <packageName></packageName>
                    <script>function random_runes.download_and_show()
	random_runes.show_runes = true
	random_runes.download()
end</script>
                    <eventHandlerList/>
                </Script>
                <Script isActive="yes" isFolder="no">
                    <name>diff</name>
                    <packageName></packageName>
                    <script>function random_runes.diff(current, last)
	for last_index, last_rune in ipairs(last) do
		for index, rune in ipairs(current) do
			if random_runes.runes_equal(rune, last_rune) then
				return index - 1
			end
		end
	end
	return #current
end</script>
                    <eventHandlerList/>
                </Script>
                <Script isActive="yes" isFolder="no">
                    <name>runes_equal</name>
                    <packageName></packageName>
                    <script>function random_runes.runes_equal(left, right)
	for left_index, left_line in ipairs(left) do
		if left_line ~= right[left_index] then
			return false
		end
	end
	return true
end</script>
                    <eventHandlerList/>
                </Script>
                <Script isActive="yes" isFolder="no">
                    <name>initialize_random_runes</name>
                    <packageName></packageName>
                    <script>function initialize_random_runes(random_runes)
	random_runes.colour = &quot;yellow&quot;

	random_runes.default_count = 5

	random_runes.max = 5
end</script>
                    <eventHandlerList/>
                </Script>
            </ScriptGroup>
        </ScriptGroup>
    </ScriptPackage>
    <KeyPackage/>
</MudletPackage>
